,id,name,symbol,slug,num_market_pairs,date_added,tags,max_supply,circulating_supply,total_supply,infinite_supply,platform,cmc_rank,self_reported_circulating_supply,self_reported_market_cap,tvl_ratio,last_updated,quote.USD.price,quote.USD.volume_24h,quote.USD.volume_change_24h,quote.USD.percent_change_1h,quote.USD.percent_change_24h,quote.USD.percent_change_7d,quote.USD.percent_change_30d,quote.USD.percent_change_60d,quote.USD.percent_change_90d,quote.USD.market_cap,quote.USD.market_cap_dominance,quote.USD.fully_diluted_market_cap,quote.USD.tvl,quote.USD.last_updated,platform.id,platform.name,platform.symbol,platform.slug,platform.token_address,timestamp,date
0,1,Bitcoin,BTC,bitcoin,11963,2010-07-13T00:00:00.000Z,"['mineable', 'pow', 'sha-256', 'store-of-value', 'state-channel', 'coinbase-ventures-portfolio', 'three-arrows-capital-portfolio', 'polychain-capital-portfolio', 'binance-labs-portfolio', 'blockchain-capital-portfolio', 'boostvc-portfolio', 'cms-holdings-portfolio', 'dcg-portfolio', 'dragonfly-capital-portfolio', 'electric-capital-portfolio', 'fabric-ventures-portfolio', 'framework-ventures-portfolio', 'galaxy-digital-portfolio', 'huobi-capital-portfolio', 'alameda-research-portfolio', 'a16z-portfolio', '1confirmation-portfolio', 'winklevoss-capital-portfolio', 'usv-portfolio', 'placeholder-ventures-portfolio', 'pantera-capital-portfolio', 'multicoin-capital-portfolio', 'paradigm-portfolio', 'bitcoin-ecosystem', 'ftx-bankruptcy-estate', '2017-2018-alt-season']",21000000.0,19831306.0,19831306.0,False,,1,,,,2025-03-02T18:03:00.000Z,93895.24755921487,46102910676.326485,24.3572,3.10228826,10.20723664,-1.86501518,-10.21462221,0.01079906,-1.17500465,1862065386292.5432,59.6279,1971800198743.51,,2025-03-02T18:03:00.000Z,,,,,,2025-03-02 23:34:52.229356,2025-03-02
1,1027,Ethereum,ETH,ethereum,9954,2015-08-07T00:00:00.000Z,"['pos', 'smart-contracts', 'ethereum-ecosystem', 'coinbase-ventures-portfolio', 'three-arrows-capital-portfolio', 'polychain-capital-portfolio', 'heco-ecosystem', 'binance-labs-portfolio', 'avalanche-ecosystem', 'solana-ecosystem', 'blockchain-capital-portfolio', 'boostvc-portfolio', 'cms-holdings-portfolio', 'dcg-portfolio', 'dragonfly-capital-portfolio', 'electric-capital-portfolio', 'fabric-ventures-portfolio', 'framework-ventures-portfolio', 'hashkey-capital-portfolio', 'kenetic-capital-portfolio', 'huobi-capital-portfolio', 'alameda-research-portfolio', 'a16z-portfolio', '1confirmation-portfolio', 'winklevoss-capital-portfolio', 'usv-portfolio', 'placeholder-ventures-portfolio', 'pantera-capital-portfolio', 'multicoin-capital-portfolio', 'paradigm-portfolio', 'tezos-ecosystem', 'near-protocol-ecosystem', 'velas-ecosystem', 'ethereum-pow-ecosystem', 'osmosis-ecosystem', 'layer-1', 'ftx-bankruptcy-estate', 'zksync-era-ecosystem', 'viction-ecosystem', 'klaytn-ecosystem', 'sora-ecosystem', 'rsk-rbtc-ecosystem', 'starknet-ecosystem', 'world-liberty-financial-portfolio']",,120585638.00637788,120585638.00637788,True,,2,,,,2025-03-02T18:02:00.000Z,2474.4117170443906,29033433313.577267,60.7366,1.48257768,12.55127958,-12.2241183,-26.61918246,-25.76820779,-30.90646112,298378515590.2548,9.5548,298378515590.25,,2025-03-02T18:02:00.000Z,,,,,,2025-03-02 23:34:52.229356,2025-03-02
2,52,XRP,XRP,xrp,1543,2013-08-04T00:00:00.000Z,"['medium-of-exchange', 'enterprise-solutions', 'xrp-ecosystem', 'arrington-xrp-capital-portfolio', 'galaxy-digital-portfolio', 'a16z-portfolio', 'pantera-capital-portfolio', 'ftx-bankruptcy-estate', '2017-2018-alt-season', 'klaytn-ecosystem', 'made-in-america']",100000000000.0,57949738512.0,99986390660.0,False,,3,,,,2025-03-02T18:03:00.000Z,2.8643719136503583,13644859748.38872,290.9948,0.58252136,33.65745742,11.87274089,-6.81301402,27.21186503,7.59222079,165989603397.1553,5.3154,286437191365.04,,2025-03-02T18:03:00.000Z,,,,,,2025-03-02 23:34:52.229356,2025-03-02
3,825,Tether USDt,USDT,tether,118132,2015-02-25T00:00:00.000Z,"['stablecoin', 'asset-backed-stablecoin', 'ethereum-ecosystem', 'waves-ecosystem', 'bitcoin-cash-ecosystem', 'heco-ecosystem', 'algorand-ecosystem', 'avalanche-ecosystem', 'solana-ecosystem', 'polygon-ecosystem', 'fantom-ecosystem', 'terra-ecosystem', 'tezos-ecosystem', 'near-protocol-ecosystem', 'arbitrum-ecosystem', 'celo-ecosystem', 'iotex-ecosystem', 'zilliqa-ecosystem', 'harmony-ecosystem', 'moonriver-ecosystem', 'cronos-ecosystem', 'injective-ecosystem', 'oasis-ecosystem', 'moonbeam-ecosystem', 'usd-stablecoin', 'xdc-ecosystem', 'everscale-ecosystem', 'velas-ecosystem', 'doge-chain-ecosystem', 'ethereum-pow-ecosystem', 'aptos-ecosystem', 'sui-ecosystem', 'optimism-ecosystem', 'canto-ecosystem', 'osmosis-ecosystem', 'zksync-era-ecosystem', 'pulsechain-ecosystem', 'sei-ecosystem', 'toncoin-ecosystem', 'fiat-stablecoin', 'viction-ecosystem', 'gnosis-chain-ecosystem', 'klaytn-ecosystem', 'okexchain-ecosystem', 'conflux-ecosystem', 'kcc-ecosystem', 'tron20-ecosystem', 'kardiachain-ecosystem', 'rsk-rbtc-ecosystem', 'telos-ecosystem', 'boba-network-ecosystem', 'fusion-network-ecosystem', 'hoo-smart-chain-ecosystem', 'secret-ecosystem', 'aurora-ecosystem', 'metis-andromeda-ecosystem', 'meter-ecosystem', 'fuse-ecosystem', 'syscoin-ecosystem', 'milkomeda-ecosystem', 'bitgert-ecosystem', 'astar-ecosystem', 'cube-network-ecosystem', 'thundercore-ecosystem', 'redlight-chain-ecosystem', 'core-ecosystem', 'polygon-zkevm-ecosystem', 'eos-evm-ecosystem', 'starknet-ecosystem', 'mantle-ecosystem', 'neon-evm-ecosystem', 'manta-pacific-ecosystem', 'scroll-ecosystem', 'x-layer-ecosystem', 'world-liberty-financial-portfolio']",,142414921751.05023,143564221721.46112,True,,4,,,,2025-03-02T18:02:00.000Z,1.000489249274707,107373986912.75775,48.2054,0.03621886,0.09728018,0.0404338,0.02705715,0.25846596,0.05135732,142484598148.2244,4.5627,143634460412.81,,2025-03-02T18:02:00.000Z,1027.0,Ethereum,ETH,ethereum,0xdac17f958d2ee523a2206206994597c13d831ec7,2025-03-02 23:34:52.229356,2025-03-02
4,1839,BNB,BNB,bnb,2377,2017-07-25T00:00:00.000Z,"['marketplace', 'centralized-exchange', 'payments', 'smart-contracts', 'ethereum-ecosystem', 'alameda-research-portfolio', 'multicoin-capital-portfolio', 'bnb-chain-ecosystem', 'layer-1', 'alleged-sec-securities', 'celsius-bankruptcy-estate']",,142475952.11,142475952.11,False,,5,,,,2025-03-02T18:03:00.000Z,631.0082367046862,1962456518.804873,14.7009,0.76434734,4.08513696,-3.40844589,-7.66167279,-10.34037382,-0.34922733,89903499313.75243,2.8818,89903499313.75,,2025-03-02T18:03:00.000Z,,,,,,2025-03-02 23:34:52.229356,2025-03-02
5,5426,Solana,SOL,solana,844,2020-04-10T00:00:00.000Z,"['pos', 'platform', 'solana-ecosystem', 'cms-holdings-portfolio', 'kenetic-capital-portfolio', 'alameda-research-portfolio', 'multicoin-capital-portfolio', 'okx-ventures-portfolio', 'layer-1', 'ftx-bankruptcy-estate', 'alleged-sec-securities', 'cmc-crypto-awards-2024', 'made-in-america']",,507598832.637857,595286428.5201122,True,,6,,,,2025-03-02T18:03:00.000Z,170.89192070046448,8931584558.598911,143.7047,-0.56699635,22.03537978,1.51413328,-27.28703365,-10.04821163,-23.0135368,86744539454.797,2.7778,101729641136.72,,2025-03-02T18:03:00.000Z,,,,,,2025-03-02 23:34:52.229356,2025-03-02
6,3408,USDC,USDC,usd-coin,25988,2018-10-08T00:00:00.000Z,"['medium-of-exchange', 'stablecoin', 'asset-backed-stablecoin', 'ethereum-ecosystem', 'waves-ecosystem', 'bitcoin-cash-ecosystem', 'wanchain-ecosystem', 'coinbase-ventures-portfolio', 'algorand-ecosystem', 'avalanche-ecosystem', 'solana-ecosystem', 'hedera-hashgraph-ecosystem', 'polygon-ecosystem', 'terra-ecosystem', 'near-protocol-ecosystem', 'arbitrum-ecosystem', 'celo-ecosystem', 'iotex-ecosystem', 'harmony-ecosystem', 'moonriver-ecosystem', 'cronos-ecosystem', 'injective-ecosystem', 'oasis-ecosystem', 'moonbeam-ecosystem', 'usd-stablecoin', 'everscale-ecosystem', 'velas-ecosystem', 'doge-chain-ecosystem', 'ethereum-pow-ecosystem', 'aptos-ecosystem', 'sui-ecosystem', 'optimism-ecosystem', 'canto-ecosystem', 'osmosis-ecosystem', 'zksync-era-ecosystem', 'pulsechain-ecosystem', 'base-ecosystem', 'sei-ecosystem', 'multiversx-ecosystem', 'fiat-stablecoin', 'viction-ecosystem', 'gnosis-chain-ecosystem', 'okexchain-ecosystem', 'conflux-ecosystem', 'kcc-ecosystem', 'tron20-ecosystem', 'kardiachain-ecosystem', 'telos-ecosystem', 'ronin-ecosystem', 'boba-network-ecosystem', 'kava-ecosystem', 'secret-ecosystem', 'aurora-ecosystem', 'metis-andromeda-ecosystem', 'meter-ecosystem', 'fuse-ecosystem', 'elastos-ecosystem', 'syscoin-ecosystem', 'milkomeda-ecosystem', 'evmos-ecosystem', 'bitgert-ecosystem', 'astar-ecosystem', 'thundercore-ecosystem', 'tomb-chain-ecosystem', 'wemix-ecosystem', 'sx-network-ecosystem', 'godwoken-ecosystem', 'energi-ecosystem', 'core-ecosystem', 'polygon-zkevm-ecosystem', 'starknet-ecosystem', 'mantle-ecosystem', 'neon-evm-ecosystem', 'scroll-ecosystem', 'shido-network-ecosystem', 'made-in-america', 'world-liberty-financial-portfolio']",,56358188983.96066,56358188983.96066,False,,7,,,,2025-03-02T18:03:00.000Z,1.0000864671525966,10676532023.486269,63.7168,0.00646019,0.02358289,0.0109101,0.01307513,0.0075327,0.01470215,56363062116.08761,1.8049,56363062116.09,,2025-03-02T18:03:00.000Z,1027.0,Ethereum,ETH,ethereum,0xa0b86991c6218b36c1d19d4a2e9eb0ce3606eb48,2025-03-02 23:34:52.229356,2025-03-02
7,2010,Cardano,ADA,cardano,1467,2017-10-01T00:00:00.000Z,"['dpos', 'pos', 'platform', 'research', 'smart-contracts', 'staking', 'cardano-ecosystem', 'cardano', 'layer-1', 'alleged-sec-securities', '2017-2018-alt-season', 'made-in-america']",45000000000.0,35212423444.401985,44994943014.63995,False,,8,,,,2025-03-02T18:03:00.000Z,1.0296903927973973,5189706391.378916,826.1232,-1.4267107,62.5857795,34.2876647,6.85233227,16.26522189,-12.31902263,36257894127.81456,1.1611,46336067675.88,,2025-03-02T18:03:00.000Z,,,,,,2025-03-02 23:34:52.229356,2025-03-02
8,74,Dogecoin,DOGE,dogecoin,1172,2013-12-15T00:00:00.000Z,"['mineable', 'pow', 'scrypt', 'medium-of-exchange', 'memes', 'payments', 'doggone-doggerel', 'ftx-bankruptcy-estate', 'made-in-america']",,148263646383.70523,148263646383.70526,True,,9,,,,2025-03-02T18:03:00.000Z,0.23084905885262993,2648844849.132047,102.0512,1.11374424,14.24503377,-4.894969,-30.56920486,-27.65808868,-44.27848184,34226523229.737484,1.096,34226523229.74,,2025-03-02T18:03:00.000Z,,,,,,2025-03-02 23:34:52.229356,2025-03-02
9,1958,TRON,TRX,tron,1126,2017-09-13T00:00:00.000Z,"['media', 'payments', 'ethereum-ecosystem', 'tron-ecosystem', 'layer-1', 'dwf-labs-portfolio', 'alleged-sec-securities', '2017-2018-alt-season', 'tron20-ecosystem', 'world-liberty-financial-portfolio']",,86064929680.16031,86064951806.35275,True,,10,,,,2025-03-02T18:03:00.000Z,0.24409447421814762,544502603.5340171,4.343,0.73803547,5.83459526,0.10007549,-4.92996107,-4.03744735,16.40993294,21007973758.900578,0.6727,21007979159.78,,2025-03-02T18:03:00.000Z,,,,,,2025-03-02 23:34:52.229356,2025-03-02
10,4642,Hedera,HBAR,hedera,319,2019-09-17T00:00:00.000Z,"['dag', 'marketplace', 'enterprise-solutions', 'defi', 'payments', 'dcg-portfolio', 'hedera-hashgraph-ecosystem', 'real-world-assets', 'layer-1', 'made-in-america']",50000000000.0,41908412969.02353,50000000000.0,False,,11,,,,2025-03-02T18:02:00.000Z,0.2633216307057278,1332159051.8670712,64.5542,-1.43144033,12.16718551,24.88400121,-15.68796532,-8.9796735,-5.72762377,11035391643.292347,0.3534,13166081535.29,,2025-03-02T18:02:00.000Z,,,,,,2025-03-02 23:34:52.229356,2025-03-02
11,1975,Chainlink,LINK,chainlink,1935,2017-09-20T00:00:00.000Z,"['platform', 'defi', 'oracles', 'smart-contracts', 'ethereum-ecosystem', 'substrate', 'polkadot', 'heco-ecosystem', 'avalanche-ecosystem', 'solana-ecosystem', 'framework-ventures-portfolio', 'polygon-ecosystem', 'fantom-ecosystem', 'cardano-ecosystem', 'terra-ecosystem', 'web3', 'near-protocol-ecosystem', 'arbitrum-ecosystem', 'cardano', 'injective-ecosystem', 'bnb-chain-ecosystem', 'optimism-ecosystem', 'real-world-assets', 'celsius-bankruptcy-estate', 'gnosis-chain-ecosystem', 'sora-ecosystem', 'hoo-smart-chain-ecosystem', 'milkomeda-ecosystem', 'energi-ecosystem', 'made-in-america', 'world-liberty-financial-portfolio']",,638099970.4527867,1000000000.0,False,,12,,,,2025-03-02T18:03:00.000Z,17.05291638936878,692721209.6207769,124.622,2.68455083,16.62675071,-3.27587305,-32.90084373,-17.79661464,-23.51377434,10881465444.19006,0.3485,17052916389.37,,2025-03-02T18:03:00.000Z,1027.0,Ethereum,ETH,ethereum,0x514910771af9ca656af840dff83e8264ecf986ca,2025-03-02 23:34:52.229356,2025-03-02
12,512,Stellar,XLM,stellar,682,2014-08-05T00:00:00.000Z,"['medium-of-exchange', 'enterprise-solutions', 'decentralized-exchange-dex-token', 'smart-contracts', 'hashkey-capital-portfolio', '2017-2018-alt-season', 'made-in-america']",50001806812.0,30684382650.860023,50001786894.45001,False,,13,,,,2025-03-02T18:03:00.000Z,0.3489360579038627,830488210.0739933,221.5408,-2.73764737,16.88721617,5.47426079,-16.21266898,-12.83634247,-35.27684605,10706887521.404772,0.3429,17447433357.05,,2025-03-02T18:03:00.000Z,,,,,,2025-03-02 23:34:52.229356,2025-03-02
13,5805,Avalanche,AVAX,avalanche,870,2020-07-13T00:00:00.000Z,"['defi', 'smart-contracts', 'three-arrows-capital-portfolio', 'polychain-capital-portfolio', 'avalanche-ecosystem', 'cms-holdings-portfolio', 'dragonfly-capital-portfolio', 'moonbeam-ecosystem', 'real-world-assets', 'layer-1', 'zksync-era-ecosystem', 'klaytn-ecosystem', 'made-in-america']",715748719.0,414093049.9597217,450762549.9597217,False,,14,,,,2025-03-02T18:03:00.000Z,24.58010082323678,711376309.1811304,149.0309,1.37419953,14.93426156,-0.27143934,-30.60066174,-32.16093162,-48.21066476,10178448918.211584,0.3259,17593175677.12,,2025-03-02T18:03:00.000Z,,,,,,2025-03-02 23:34:52.229356,2025-03-02
14,20947,Sui,SUI,sui,561,2022-07-12T08:03:11.000Z,"['binance-launchpool', 'coinbase-ventures-portfolio', 'binance-labs-portfolio', 'electric-capital-portfolio', 'a16z-portfolio', 'sui-ecosystem', 'layer-1', 'move-vm', 'cmc-crypto-yearbook-2024-2025', 'made-in-america']",10000000000.0,3169845047.4838877,10000000000.0,False,,15,3169845047.4838877,10061934768.18041,,2025-03-02T18:03:00.000Z,3.174267075347176,1159784714.838212,73.0295,0.36786727,13.19337651,-4.52933064,-23.10351365,-24.02431984,-1.17754754,10061934768.18041,0.3222,31742670753.47,,2025-03-02T18:03:00.000Z,,,,,,2025-03-02 23:34:52.229356,2025-03-02
0,1,Bitcoin,BTC,bitcoin,11964,2010-07-13T00:00:00.000Z,"['mineable', 'pow', 'sha-256', 'store-of-value', 'state-channel', 'coinbase-ventures-portfolio', 'three-arrows-capital-portfolio', 'polychain-capital-portfolio', 'binance-labs-portfolio', 'blockchain-capital-portfolio', 'boostvc-portfolio', 'cms-holdings-portfolio', 'dcg-portfolio', 'dragonfly-capital-portfolio', 'electric-capital-portfolio', 'fabric-ventures-portfolio', 'framework-ventures-portfolio', 'galaxy-digital-portfolio', 'huobi-capital-portfolio', 'alameda-research-portfolio', 'a16z-portfolio', '1confirmation-portfolio', 'winklevoss-capital-portfolio', 'usv-portfolio', 'placeholder-ventures-portfolio', 'pantera-capital-portfolio', 'multicoin-capital-portfolio', 'paradigm-portfolio', 'bitcoin-ecosystem', 'ftx-bankruptcy-estate', '2017-2018-alt-season', 'us-strategic-crypto-reserve']",21000000.0,19831671.0,19831671.0,False,,1,,,,2025-03-03T13:27:00.000Z,93096.93303412353,74475278986.06166,251.742,0.13593141,8.66276361,-2.96757143,-8.93219229,-3.74926645,-1.51834071,1846267747041.7698,60.4829,1955035593716.59,,2025-03-03T13:27:00.000Z,,,,,,2025-03-03 19:00:22.755193,2025-03-03
1,1027,Ethereum,ETH,ethereum,9956,2015-08-07T00:00:00.000Z,"['pos', 'smart-contracts', 'ethereum-ecosystem', 'coinbase-ventures-portfolio', 'three-arrows-capital-portfolio', 'polychain-capital-portfolio', 'heco-ecosystem', 'binance-labs-portfolio', 'avalanche-ecosystem', 'solana-ecosystem', 'blockchain-capital-portfolio', 'boostvc-portfolio', 'cms-holdings-portfolio', 'dcg-portfolio', 'dragonfly-capital-portfolio', 'electric-capital-portfolio', 'fabric-ventures-portfolio', 'framework-ventures-portfolio', 'hashkey-capital-portfolio', 'kenetic-capital-portfolio', 'huobi-capital-portfolio', 'alameda-research-portfolio', 'a16z-portfolio', '1confirmation-portfolio', 'winklevoss-capital-portfolio', 'usv-portfolio', 'placeholder-ventures-portfolio', 'pantera-capital-portfolio', 'multicoin-capital-portfolio', 'paradigm-portfolio', 'tezos-ecosystem', 'near-protocol-ecosystem', 'velas-ecosystem', 'ethereum-pow-ecosystem', 'osmosis-ecosystem', 'layer-1', 'ftx-bankruptcy-estate', 'zksync-era-ecosystem', 'viction-ecosystem', 'klaytn-ecosystem', 'sora-ecosystem', 'rsk-rbtc-ecosystem', 'starknet-ecosystem', 'world-liberty-financial-portfolio', 'us-strategic-crypto-reserve']",,120587727.21857166,120587727.21857166,True,,2,,,,2025-03-03T13:27:00.000Z,2369.6959055726397,38494070749.66352,162.1396,0.38059354,6.93699848,-11.86112905,-27.53106144,-31.58986551,-34.05392166,285756243452.1596,9.3506,285756243452.16,,2025-03-03T13:27:00.000Z,,,,,,2025-03-03 19:00:22.755193,2025-03-03
2,52,XRP,XRP,xrp,1543,2013-08-04T00:00:00.000Z,"['medium-of-exchange', 'enterprise-solutions', 'xrp-ecosystem', 'arrington-xrp-capital-portfolio', 'galaxy-digital-portfolio', 'a16z-portfolio', 'pantera-capital-portfolio', 'ftx-bankruptcy-estate', '2017-2018-alt-season', 'klaytn-ecosystem', 'made-in-america', 'us-strategic-crypto-reserve']",100000000000.0,57949738512.0,99986390660.0,False,,3,,,,2025-03-03T13:27:00.000Z,2.662702092799762,22291525617.651596,578.9057,0.27720069,18.01046085,6.9489807,-11.23974511,10.96852484,-0.61713155,154302890013.10138,5.0492,266270209279.98,,2025-03-03T13:27:00.000Z,,,,,,2025-03-03 19:00:22.755193,2025-03-03
3,825,Tether USDt,USDT,tether,118201,2015-02-25T00:00:00.000Z,"['stablecoin', 'asset-backed-stablecoin', 'ethereum-ecosystem', 'waves-ecosystem', 'bitcoin-cash-ecosystem', 'heco-ecosystem', 'algorand-ecosystem', 'avalanche-ecosystem', 'solana-ecosystem', 'polygon-ecosystem', 'fantom-ecosystem', 'terra-ecosystem', 'tezos-ecosystem', 'near-protocol-ecosystem', 'arbitrum-ecosystem', 'celo-ecosystem', 'iotex-ecosystem', 'zilliqa-ecosystem', 'harmony-ecosystem', 'moonriver-ecosystem', 'cronos-ecosystem', 'injective-ecosystem', 'oasis-ecosystem', 'moonbeam-ecosystem', 'usd-stablecoin', 'xdc-ecosystem', 'everscale-ecosystem', 'velas-ecosystem', 'doge-chain-ecosystem', 'ethereum-pow-ecosystem', 'aptos-ecosystem', 'sui-ecosystem', 'optimism-ecosystem', 'canto-ecosystem', 'osmosis-ecosystem', 'zksync-era-ecosystem', 'pulsechain-ecosystem', 'sei-ecosystem', 'toncoin-ecosystem', 'fiat-stablecoin', 'viction-ecosystem', 'gnosis-chain-ecosystem', 'klaytn-ecosystem', 'okexchain-ecosystem', 'conflux-ecosystem', 'kcc-ecosystem', 'tron20-ecosystem', 'kardiachain-ecosystem', 'rsk-rbtc-ecosystem', 'telos-ecosystem', 'boba-network-ecosystem', 'fusion-network-ecosystem', 'hoo-smart-chain-ecosystem', 'secret-ecosystem', 'aurora-ecosystem', 'metis-andromeda-ecosystem', 'meter-ecosystem', 'fuse-ecosystem', 'syscoin-ecosystem', 'milkomeda-ecosystem', 'bitgert-ecosystem', 'astar-ecosystem', 'cube-network-ecosystem', 'thundercore-ecosystem', 'redlight-chain-ecosystem', 'core-ecosystem', 'polygon-zkevm-ecosystem', 'eos-evm-ecosystem', 'starknet-ecosystem', 'mantle-ecosystem', 'neon-evm-ecosystem', 'manta-pacific-ecosystem', 'scroll-ecosystem', 'x-layer-ecosystem', 'world-liberty-financial-portfolio']",,142435921724.0118,144564221694.42273,True,,4,,,,2025-03-03T13:27:00.000Z,0.99977406743811,162919537741.2923,227.1319,0.01169989,0.02531625,-0.0268693,-0.00517761,0.0822531,-0.02759941,142403740811.31155,4.6651,144531559929.46,,2025-03-03T13:27:00.000Z,1027.0,Ethereum,ETH,ethereum,0xdac17f958d2ee523a2206206994597c13d831ec7,2025-03-03 19:00:22.755193,2025-03-03
4,1839,BNB,BNB,bnb,2378,2017-07-25T00:00:00.000Z,"['marketplace', 'centralized-exchange', 'payments', 'smart-contracts', 'ethereum-ecosystem', 'alameda-research-portfolio', 'multicoin-capital-portfolio', 'bnb-chain-ecosystem', 'layer-1', 'alleged-sec-securities', 'celsius-bankruptcy-estate']",,142475869.61,142475869.61,False,,5,,,,2025-03-03T13:28:00.000Z,605.5253724009287,2446176511.0893183,61.4958,0.34404014,-0.14451256,-5.72308684,-9.84674596,-14.93169669,-6.34610011,86272754003.74142,2.8231,86272754003.74,,2025-03-03T13:28:00.000Z,,,,,,2025-03-03 19:00:22.755193,2025-03-03
5,5426,Solana,SOL,solana,845,2020-04-10T00:00:00.000Z,"['pos', 'platform', 'solana-ecosystem', 'cms-holdings-portfolio', 'kenetic-capital-portfolio', 'alameda-research-portfolio', 'multicoin-capital-portfolio', 'okx-ventures-portfolio', 'layer-1', 'ftx-bankruptcy-estate', 'alleged-sec-securities', 'cmc-crypto-awards-2024', 'made-in-america', 'us-strategic-crypto-reserve']",,507656207.31042063,595285641.130817,True,,6,,,,2025-03-03T13:27:00.000Z,164.49232757956545,14111756866.17263,491.9852,1.18258012,15.97666419,3.35478157,-28.24261294,-20.94356595,-26.53842219,83505551150.7055,2.7325,97919920684.3,,2025-03-03T13:27:00.000Z,,,,,,2025-03-03 19:00:22.755193,2025-03-03
6,3408,USDC,USDC,usd-coin,25994,2018-10-08T00:00:00.000Z,"['medium-of-exchange', 'stablecoin', 'asset-backed-stablecoin', 'ethereum-ecosystem', 'waves-ecosystem', 'bitcoin-cash-ecosystem', 'wanchain-ecosystem', 'coinbase-ventures-portfolio', 'algorand-ecosystem', 'avalanche-ecosystem', 'solana-ecosystem', 'hedera-hashgraph-ecosystem', 'polygon-ecosystem', 'terra-ecosystem', 'near-protocol-ecosystem', 'arbitrum-ecosystem', 'celo-ecosystem', 'iotex-ecosystem', 'harmony-ecosystem', 'moonriver-ecosystem', 'cronos-ecosystem', 'injective-ecosystem', 'oasis-ecosystem', 'moonbeam-ecosystem', 'usd-stablecoin', 'everscale-ecosystem', 'velas-ecosystem', 'doge-chain-ecosystem', 'ethereum-pow-ecosystem', 'aptos-ecosystem', 'sui-ecosystem', 'optimism-ecosystem', 'canto-ecosystem', 'osmosis-ecosystem', 'zksync-era-ecosystem', 'pulsechain-ecosystem', 'base-ecosystem', 'sei-ecosystem', 'multiversx-ecosystem', 'fiat-stablecoin', 'viction-ecosystem', 'gnosis-chain-ecosystem', 'okexchain-ecosystem', 'conflux-ecosystem', 'kcc-ecosystem', 'tron20-ecosystem', 'kardiachain-ecosystem', 'telos-ecosystem', 'ronin-ecosystem', 'boba-network-ecosystem', 'kava-ecosystem', 'secret-ecosystem', 'aurora-ecosystem', 'metis-andromeda-ecosystem', 'meter-ecosystem', 'fuse-ecosystem', 'elastos-ecosystem', 'syscoin-ecosystem', 'milkomeda-ecosystem', 'evmos-ecosystem', 'bitgert-ecosystem', 'astar-ecosystem', 'thundercore-ecosystem', 'tomb-chain-ecosystem', 'wemix-ecosystem', 'sx-network-ecosystem', 'godwoken-ecosystem', 'energi-ecosystem', 'core-ecosystem', 'polygon-zkevm-ecosystem', 'starknet-ecosystem', 'mantle-ecosystem', 'neon-evm-ecosystem', 'scroll-ecosystem', 'shido-network-ecosystem', 'made-in-america', 'world-liberty-financial-portfolio']",,56403691247.29383,56403691247.29383,False,,7,,,,2025-03-03T13:27:00.000Z,1.0000266326445935,16363001332.108103,260.5688,0.00899686,0.01764013,0.01092509,-0.00669319,5.91e-06,0.01006461,56405193426.75658,1.8457,56405193426.76,,2025-03-03T13:27:00.000Z,1027.0,Ethereum,ETH,ethereum,0xa0b86991c6218b36c1d19d4a2e9eb0ce3606eb48,2025-03-03 19:00:22.755193,2025-03-03
7,2010,Cardano,ADA,cardano,1468,2017-10-01T00:00:00.000Z,"['dpos', 'pos', 'platform', 'research', 'smart-contracts', 'staking', 'cardano-ecosystem', 'cardano', 'layer-1', 'alleged-sec-securities', '2017-2018-alt-season', 'made-in-america', 'us-strategic-crypto-reserve']",45000000000.0,35212423444.401985,44994943014.63995,False,,8,,,,2025-03-03T13:28:00.000Z,0.9955730646807937,11378736715.189178,1947.4012,-0.06321457,51.48114067,35.1350511,6.46871996,3.09469724,-21.03254821,35056540323.38111,1.1471,44800787910.64,,2025-03-03T13:28:00.000Z,,,,,,2025-03-03 19:00:22.755193,2025-03-03
8,74,Dogecoin,DOGE,dogecoin,1172,2013-12-15T00:00:00.000Z,"['mineable', 'pow', 'scrypt', 'medium-of-exchange', 'memes', 'payments', 'doggone-doggerel', 'ftx-bankruptcy-estate', 'made-in-america']",,148274716383.7052,148274716383.7052,True,,9,,,,2025-03-03T13:27:00.000Z,0.2213363649455155,4086416793.454635,316.4589,0.49736663,7.76396623,-4.3290022,-31.83641899,-34.90503718,-46.28973542,32818586737.696583,1.0751,32818586737.7,,2025-03-03T13:27:00.000Z,,,,,,2025-03-03 19:00:22.755193,2025-03-03
9,1958,TRON,TRX,tron,1126,2017-09-13T00:00:00.000Z,"['media', 'payments', 'ethereum-ecosystem', 'tron-ecosystem', 'layer-1', 'dwf-labs-portfolio', 'alleged-sec-securities', '2017-2018-alt-season', 'tron20-ecosystem', 'world-liberty-financial-portfolio']",,86063212805.22295,86063274003.77216,True,,10,,,,2025-03-03T13:28:00.000Z,0.24287505557618713,828203936.752381,131.8602,0.07686458,3.63569439,-2.31961249,-4.61600064,-8.06357106,2.81817738,20902607593.133743,0.684,20902622456.73,,2025-03-03T13:28:00.000Z,,,,,,2025-03-03 19:00:22.755193,2025-03-03
10,1975,Chainlink,LINK,chainlink,1936,2017-09-20T00:00:00.000Z,"['platform', 'defi', 'oracles', 'smart-contracts', 'ethereum-ecosystem', 'substrate', 'polkadot', 'heco-ecosystem', 'avalanche-ecosystem', 'solana-ecosystem', 'framework-ventures-portfolio', 'polygon-ecosystem', 'fantom-ecosystem', 'cardano-ecosystem', 'terra-ecosystem', 'web3', 'near-protocol-ecosystem', 'arbitrum-ecosystem', 'cardano', 'injective-ecosystem', 'bnb-chain-ecosystem', 'optimism-ecosystem', 'real-world-assets', 'celsius-bankruptcy-estate', 'gnosis-chain-ecosystem', 'sora-ecosystem', 'hoo-smart-chain-ecosystem', 'milkomeda-ecosystem', 'energi-ecosystem', 'made-in-america', 'world-liberty-financial-portfolio']",,638099970.4527867,1000000000.0,False,,11,,,,2025-03-03T13:28:00.000Z,16.536413757026594,1037123466.4944174,332.1074,0.84206986,12.86432119,-0.92369052,-33.27281716,-26.6372622,-32.67997932,10551885129.753725,0.3453,16536413757.03,,2025-03-03T13:28:00.000Z,1027.0,Ethereum,ETH,ethereum,0x514910771af9ca656af840dff83e8264ecf986ca,2025-03-03 19:00:22.755193,2025-03-03
11,4642,Hedera,HBAR,hedera,320,2019-09-17T00:00:00.000Z,"['dag', 'marketplace', 'enterprise-solutions', 'defi', 'payments', 'dcg-portfolio', 'hedera-hashgraph-ecosystem', 'real-world-assets', 'layer-1', 'made-in-america']",50000000000.0,41908412969.038216,50000000000.0,False,,12,,,,2025-03-03T13:27:00.000Z,0.2497777707123996,1428371885.9223642,51.8567,-0.56580284,0.50968181,11.19036977,-16.87068728,-15.14186773,-26.38618862,10467789965.50098,0.3429,12488888535.62,,2025-03-03T13:27:00.000Z,,,,,,2025-03-03 19:00:22.755193,2025-03-03
12,512,Stellar,XLM,stellar,682,2014-08-05T00:00:00.000Z,"['medium-of-exchange', 'enterprise-solutions', 'decentralized-exchange-dex-token', 'smart-contracts', 'hashkey-capital-portfolio', '2017-2018-alt-season', 'made-in-america']",50001806812.0,30684380788.737923,50001786894.45001,False,,13,,,,2025-03-03T13:27:00.000Z,0.32941895106091307,965490104.2229824,147.925,-0.71612457,4.03758886,2.17347771,-19.36455771,-23.26871908,-38.55715918,10108016533.379679,0.3308,16471542751.16,,2025-03-03T13:27:00.000Z,,,,,,2025-03-03 19:00:22.755193,2025-03-03
13,5805,Avalanche,AVAX,avalanche,870,2020-07-13T00:00:00.000Z,"['defi', 'smart-contracts', 'three-arrows-capital-portfolio', 'polychain-capital-portfolio', 'avalanche-ecosystem', 'cms-holdings-portfolio', 'dragonfly-capital-portfolio', 'moonbeam-ecosystem', 'real-world-assets', 'layer-1', 'zksync-era-ecosystem', 'klaytn-ecosystem', 'made-in-america']",715748719.0,414104108.09151113,450773608.09151113,False,,14,,,,2025-03-03T13:27:00.000Z,23.736160672068937,907910287.3615514,305.8636,0.68411169,8.48636849,-0.10313308,-30.02665982,-40.50072115,-55.2162467,9829241644.62391,0.3216,16989126595.01,,2025-03-03T13:27:00.000Z,,,,,,2025-03-03 19:00:22.755193,2025-03-03
14,20947,Sui,SUI,sui,562,2022-07-12T08:03:11.000Z,"['binance-launchpool', 'coinbase-ventures-portfolio', 'binance-labs-portfolio', 'electric-capital-portfolio', 'a16z-portfolio', 'sui-ecosystem', 'layer-1', 'move-vm', 'cmc-crypto-yearbook-2024-2025', 'made-in-america']",10000000000.0,3169845047.4838877,10000000000.0,False,,15,3169845047.4838877,9426369731.705448,,2025-03-03T13:27:00.000Z,2.9737635721934645,1536814917.1932333,197.9821,0.58917651,4.46003593,-7.66480435,-25.03311578,-32.64382115,-21.59678883,9426369731.705448,0.3085,29737635721.93,,2025-03-03T13:27:00.000Z,,,,,,2025-03-03 19:00:22.755193,2025-03-03
15,3957,UNUS SED LEO,LEO,unus-sed-leo,57,2019-05-21T00:00:00.000Z,"['marketplace', 'centralized-exchange', 'discount-token', 'payments', 'ethereum-ecosystem', 'kenetic-capital-portfolio', 'alameda-research-portfolio']",,924012642.9,985239504.0,False,,16,,,,2025-03-03T13:28:00.000Z,9.93404723441266,7721079.35574827,379.0293,-0.11773992,1.55338709,2.92217902,1.71953526,9.55229896,12.34278551,9179185239.763077,0.3004,9787415769.95,,2025-03-03T13:28:00.000Z,1027.0,Ethereum,ETH,ethereum,0x2af5d2ad76741191d15dfe7bf6ac92d4bd912ca3,2025-03-03 19:00:22.755193,2025-03-03
16,2,Litecoin,LTC,litecoin,1322,2013-04-28T00:00:00.000Z,"['mineable', 'pow', 'scrypt', 'medium-of-exchange', 'heco-ecosystem', 'layer-1', '2017-2018-alt-season', 'hoo-smart-chain-ecosystem', 'made-in-america']",84000000.0,75558468.3040892,84000000.0,False,,17,,,,2025-03-03T13:27:00.000Z,116.7197714998862,2100620565.2910824,227.8769,0.0540523,-4.2585367,-5.79842988,-5.71368373,9.05337584,-11.07773357,8819167155.334686,0.2886,9804460805.99,,2025-03-03T13:27:00.000Z,,,,,,2025-03-03 19:00:22.755193,2025-03-03
17,11419,Toncoin,TON,toncoin,686,2021-08-26T13:40:22.000Z,"['pos', 'ethereum-ecosystem', 'layer-1', 'ftx-bankruptcy-estate', 'dwf-labs-portfolio', 'toncoin-ecosystem', 'cmc-crypto-yearbook-2024-2025']",,2495848676.5351734,5123675092.736349,True,,18,,,,2025-03-03T13:27:00.000Z,3.3508645017582053,208162297.8607152,60.6298,0.0556061,0.40036594,-8.48799595,-31.38088951,-40.61127189,-49.74749178,8363250731.96191,0.2737,17168740986.79,,2025-03-03T13:27:00.000Z,,,,,,2025-03-03 19:00:22.755193,2025-03-03
18,5994,Shiba Inu,SHIB,shiba-inu,934,2020-08-01T00:00:00.000Z,"['memes', 'ethereum-ecosystem', 'doggone-doggerel', 'base-ecosystem']",,589253592023024.2,589507019662654.2,False,,19,,,,2025-03-03T13:28:00.000Z,1.4148583730716391e-05,473991688.61798704,233.4238,0.30953,3.35286687,-4.53321586,-24.5376926,-37.63285331,-51.0361147,8337103785.363154,0.2728,8340689427.54,,2025-03-03T13:28:00.000Z,1027.0,Ethereum,ETH,ethereum,0x95ad61b0a150d79219dcf64e1e6cc01f0b64c4ce,2025-03-03 19:00:22.755193,2025-03-03
19,6636,Polkadot,DOT,polkadot-new,869,2020-08-19T00:00:00.000Z,"['substrate', 'polkadot', 'polkadot-ecosystem', 'three-arrows-capital-portfolio', 'polychain-capital-portfolio', 'heco-ecosystem', 'arrington-xrp-capital-portfolio', 'blockchain-capital-portfolio', 'boostvc-portfolio', 'cms-holdings-portfolio', 'coinfund-portfolio', 'fabric-ventures-portfolio', 'fenbushi-capital-portfolio', 'hashkey-capital-portfolio', 'kenetic-capital-portfolio', '1confirmation-portfolio', 'placeholder-ventures-portfolio', 'pantera-capital-portfolio', 'exnetwork-capital-portfolio', 'web3', 'spartan-group', 'osmosis-ecosystem', 'layer-1', 'made-in-america']",,1553942567.6551106,1553942567.6551106,True,,20,,,,2025-03-03T13:28:00.000Z,4.968175678736769,431030352.58377475,218.388,0.92839126,7.76897917,4.99969538,-21.46609048,-31.62829812,-50.72811817,7720259670.777886,0.2526,7720259670.78,,2025-03-03T13:28:00.000Z,,,,,,2025-03-03 19:00:22.755193,2025-03-03
0,1,Bitcoin,BTC,bitcoin,11967,2010-07-13T00:00:00.000Z,"['mineable', 'pow', 'sha-256', 'store-of-value', 'state-channel', 'coinbase-ventures-portfolio', 'three-arrows-capital-portfolio', 'polychain-capital-portfolio', 'binance-labs-portfolio', 'blockchain-capital-portfolio', 'boostvc-portfolio', 'cms-holdings-portfolio', 'dcg-portfolio', 'dragonfly-capital-portfolio', 'electric-capital-portfolio', 'fabric-ventures-portfolio', 'framework-ventures-portfolio', 'galaxy-digital-portfolio', 'huobi-capital-portfolio', 'alameda-research-portfolio', 'a16z-portfolio', '1confirmation-portfolio', 'winklevoss-capital-portfolio', 'usv-portfolio', 'placeholder-ventures-portfolio', 'pantera-capital-portfolio', 'multicoin-capital-portfolio', 'paradigm-portfolio', 'bitcoin-ecosystem', 'ftx-bankruptcy-estate', '2017-2018-alt-season', 'us-strategic-crypto-reserve']",21000000.0,19832075.0,19832075.0,False,,1,,,,2025-03-04T11:31:00.000Z,83940.6923128352,73447518077.00522,-0.8502,0.38093546,-9.36369497,-4.46300423,-15.34838179,-13.20939401,-12.95297314,1664718105500.0713,60.1562,1762754538569.54,,2025-03-04T11:31:00.000Z,,,,,,2025-03-04 17:03:11.130739,2025-03-04
1,1027,Ethereum,ETH,ethereum,9960,2015-08-07T00:00:00.000Z,"['pos', 'smart-contracts', 'ethereum-ecosystem', 'coinbase-ventures-portfolio', 'three-arrows-capital-portfolio', 'polychain-capital-portfolio', 'heco-ecosystem', 'binance-labs-portfolio', 'avalanche-ecosystem', 'solana-ecosystem', 'blockchain-capital-portfolio', 'boostvc-portfolio', 'cms-holdings-portfolio', 'dcg-portfolio', 'dragonfly-capital-portfolio', 'electric-capital-portfolio', 'fabric-ventures-portfolio', 'framework-ventures-portfolio', 'hashkey-capital-portfolio', 'kenetic-capital-portfolio', 'huobi-capital-portfolio', 'alameda-research-portfolio', 'a16z-portfolio', '1confirmation-portfolio', 'winklevoss-capital-portfolio', 'usv-portfolio', 'placeholder-ventures-portfolio', 'pantera-capital-portfolio', 'multicoin-capital-portfolio', 'paradigm-portfolio', 'tezos-ecosystem', 'near-protocol-ecosystem', 'velas-ecosystem', 'ethereum-pow-ecosystem', 'osmosis-ecosystem', 'layer-1', 'ftx-bankruptcy-estate', 'zksync-era-ecosystem', 'viction-ecosystem', 'klaytn-ecosystem', 'sora-ecosystem', 'rsk-rbtc-ecosystem', 'starknet-ecosystem', 'world-liberty-financial-portfolio', 'us-strategic-crypto-reserve']",,120590104.19675978,120590104.19675978,True,,2,,,,2025-03-04T11:31:00.000Z,2106.467032482705,35025357351.55841,-7.977,0.8232601,-10.48950507,-11.52919588,-31.65286366,-39.03705795,-43.74675185,254019078934.12872,9.1792,254019078934.13,,2025-03-04T11:31:00.000Z,,,,,,2025-03-04 17:03:11.130739,2025-03-04
2,825,Tether USDt,USDT,tether,118275,2015-02-25T00:00:00.000Z,"['stablecoin', 'asset-backed-stablecoin', 'ethereum-ecosystem', 'waves-ecosystem', 'bitcoin-cash-ecosystem', 'heco-ecosystem', 'algorand-ecosystem', 'avalanche-ecosystem', 'solana-ecosystem', 'polygon-ecosystem', 'fantom-ecosystem', 'terra-ecosystem', 'tezos-ecosystem', 'near-protocol-ecosystem', 'arbitrum-ecosystem', 'celo-ecosystem', 'iotex-ecosystem', 'zilliqa-ecosystem', 'harmony-ecosystem', 'moonriver-ecosystem', 'cronos-ecosystem', 'injective-ecosystem', 'oasis-ecosystem', 'moonbeam-ecosystem', 'usd-stablecoin', 'xdc-ecosystem', 'everscale-ecosystem', 'velas-ecosystem', 'doge-chain-ecosystem', 'ethereum-pow-ecosystem', 'aptos-ecosystem', 'sui-ecosystem', 'optimism-ecosystem', 'canto-ecosystem', 'osmosis-ecosystem', 'zksync-era-ecosystem', 'pulsechain-ecosystem', 'sei-ecosystem', 'toncoin-ecosystem', 'fiat-stablecoin', 'viction-ecosystem', 'gnosis-chain-ecosystem', 'klaytn-ecosystem', 'okexchain-ecosystem', 'conflux-ecosystem', 'kcc-ecosystem', 'tron20-ecosystem', 'kardiachain-ecosystem', 'rsk-rbtc-ecosystem', 'telos-ecosystem', 'boba-network-ecosystem', 'fusion-network-ecosystem', 'hoo-smart-chain-ecosystem', 'secret-ecosystem', 'aurora-ecosystem', 'metis-andromeda-ecosystem', 'meter-ecosystem', 'fuse-ecosystem', 'syscoin-ecosystem', 'milkomeda-ecosystem', 'bitgert-ecosystem', 'astar-ecosystem', 'cube-network-ecosystem', 'thundercore-ecosystem', 'redlight-chain-ecosystem', 'core-ecosystem', 'polygon-zkevm-ecosystem', 'eos-evm-ecosystem', 'starknet-ecosystem', 'mantle-ecosystem', 'neon-evm-ecosystem', 'manta-pacific-ecosystem', 'scroll-ecosystem', 'x-layer-ecosystem', 'world-liberty-financial-portfolio']",,142508685216.86038,144561615226.72202,True,,3,,,,2025-03-04T11:31:00.000Z,0.9996848284922426,138995945396.36243,-13.4463,0.02163367,-0.01454262,0.0181882,-0.05640843,0.03809442,-0.07612368,142463770539.67206,5.1481,144516053524.49,,2025-03-04T11:31:00.000Z,1027.0,Ethereum,ETH,ethereum,0xdac17f958d2ee523a2206206994597c13d831ec7,2025-03-04 17:03:11.130739,2025-03-04
3,52,XRP,XRP,xrp,1545,2013-08-04T00:00:00.000Z,"['medium-of-exchange', 'enterprise-solutions', 'xrp-ecosystem', 'arrington-xrp-capital-portfolio', 'galaxy-digital-portfolio', 'a16z-portfolio', 'pantera-capital-portfolio', 'ftx-bankruptcy-estate', '2017-2018-alt-season', 'klaytn-ecosystem', 'made-in-america', 'us-strategic-crypto-reserve']",100000000000.0,57949738512.0,99986390660.0,False,,4,,,,2025-03-04T11:31:00.000Z,2.392317864910009,12701827551.531242,-41.8185,1.29150369,-9.41220584,14.92895341,-15.61125258,-1.32171721,-9.47738891,138634194709.1212,5.0097,239231786491.0,,2025-03-04T11:31:00.000Z,,,,,,2025-03-04 17:03:11.130739,2025-03-04
4,1839,BNB,BNB,bnb,2381,2017-07-25T00:00:00.000Z,"['marketplace', 'centralized-exchange', 'payments', 'smart-contracts', 'ethereum-ecosystem', 'alameda-research-portfolio', 'multicoin-capital-portfolio', 'bnb-chain-ecosystem', 'layer-1', 'alleged-sec-securities', 'celsius-bankruptcy-estate']",,142475795.07999998,142475795.07999998,False,,5,,,,2025-03-04T11:31:00.000Z,569.815184977043,2113235568.5093079,-12.6486,0.48549097,-5.70768127,-5.24904116,-12.33990753,-18.91123959,-27.16900052,81184871528.26147,2.932,81184871528.26,,2025-03-04T11:31:00.000Z,,,,,,2025-03-04 17:03:11.130739,2025-03-04
5,5426,Solana,SOL,solana,846,2020-04-10T00:00:00.000Z,"['pos', 'platform', 'solana-ecosystem', 'cms-holdings-portfolio', 'kenetic-capital-portfolio', 'alameda-research-portfolio', 'multicoin-capital-portfolio', 'okx-ventures-portfolio', 'layer-1', 'ftx-bankruptcy-estate', 'alleged-sec-securities', 'cmc-crypto-awards-2024', 'made-in-america', 'us-strategic-crypto-reserve']",,507900376.2294144,595437364.4774306,True,,6,,,,2025-03-04T11:31:00.000Z,137.55622488453648,8782392152.802305,-36.0969,1.24625752,-14.70530984,1.65231418,-34.46380818,-35.18554242,-41.73263221,69864858371.55402,2.5246,81906116012.71,,2025-03-04T11:31:00.000Z,,,,,,2025-03-04 17:03:11.130739,2025-03-04
6,3408,USDC,USDC,usd-coin,26044,2018-10-08T00:00:00.000Z,"['medium-of-exchange', 'stablecoin', 'asset-backed-stablecoin', 'ethereum-ecosystem', 'waves-ecosystem', 'bitcoin-cash-ecosystem', 'wanchain-ecosystem', 'coinbase-ventures-portfolio', 'algorand-ecosystem', 'avalanche-ecosystem', 'solana-ecosystem', 'hedera-hashgraph-ecosystem', 'polygon-ecosystem', 'terra-ecosystem', 'near-protocol-ecosystem', 'arbitrum-ecosystem', 'celo-ecosystem', 'iotex-ecosystem', 'harmony-ecosystem', 'moonriver-ecosystem', 'cronos-ecosystem', 'injective-ecosystem', 'oasis-ecosystem', 'moonbeam-ecosystem', 'usd-stablecoin', 'everscale-ecosystem', 'velas-ecosystem', 'doge-chain-ecosystem', 'ethereum-pow-ecosystem', 'aptos-ecosystem', 'sui-ecosystem', 'optimism-ecosystem', 'canto-ecosystem', 'osmosis-ecosystem', 'zksync-era-ecosystem', 'pulsechain-ecosystem', 'base-ecosystem', 'sei-ecosystem', 'multiversx-ecosystem', 'fiat-stablecoin', 'viction-ecosystem', 'gnosis-chain-ecosystem', 'okexchain-ecosystem', 'conflux-ecosystem', 'kcc-ecosystem', 'tron20-ecosystem', 'kardiachain-ecosystem', 'telos-ecosystem', 'ronin-ecosystem', 'boba-network-ecosystem', 'kava-ecosystem', 'secret-ecosystem', 'aurora-ecosystem', 'metis-andromeda-ecosystem', 'meter-ecosystem', 'fuse-ecosystem', 'elastos-ecosystem', 'syscoin-ecosystem', 'milkomeda-ecosystem', 'evmos-ecosystem', 'bitgert-ecosystem', 'astar-ecosystem', 'thundercore-ecosystem', 'tomb-chain-ecosystem', 'wemix-ecosystem', 'sx-network-ecosystem', 'godwoken-ecosystem', 'energi-ecosystem', 'core-ecosystem', 'polygon-zkevm-ecosystem', 'starknet-ecosystem', 'mantle-ecosystem', 'neon-evm-ecosystem', 'scroll-ecosystem', 'shido-network-ecosystem', 'made-in-america', 'world-liberty-financial-portfolio']",,56317452317.37687,56317452317.37687,False,,7,,,,2025-03-04T11:31:00.000Z,1.0001188250375548,14611214488.68585,-9.2849,0.01019255,0.02800623,0.02287657,-0.03663599,0.00643956,0.01549137,56324144240.76347,2.0353,56324144240.76,,2025-03-04T11:31:00.000Z,1027.0,Ethereum,ETH,ethereum,0xa0b86991c6218b36c1d19d4a2e9eb0ce3606eb48,2025-03-04 17:03:11.130739,2025-03-04
7,2010,Cardano,ADA,cardano,1469,2017-10-01T00:00:00.000Z,"['dpos', 'pos', 'platform', 'research', 'smart-contracts', 'staking', 'cardano-ecosystem', 'cardano', 'layer-1', 'alleged-sec-securities', '2017-2018-alt-season', 'made-in-america', 'us-strategic-crypto-reserve']",45000000000.0,35212423444.401985,44994943014.63995,False,,8,,,,2025-03-04T11:31:00.000Z,0.8229845891388258,5396233181.318131,-49.6892,1.58029611,-15.22575257,29.56320739,-6.49811064,-23.74691101,-33.23271328,28979281840.973522,1.0472,37034306511.25,,2025-03-04T11:31:00.000Z,,,,,,2025-03-04 17:03:11.130739,2025-03-04
8,74,Dogecoin,DOGE,dogecoin,1173,2013-12-15T00:00:00.000Z,"['mineable', 'pow', 'scrypt', 'medium-of-exchange', 'memes', 'payments', 'doggone-doggerel', 'ftx-bankruptcy-estate', 'made-in-america']",,148287276383.7052,148287276383.7052,True,,9,,,,2025-03-04T11:31:00.000Z,0.1938970397455594,2672330873.402897,-33.5873,0.73554087,-11.75672799,-2.82907678,-34.29631698,-43.60575309,-53.69324212,28752463922.73204,1.039,28752463922.73,,2025-03-04T11:31:00.000Z,,,,,,2025-03-04 17:03:11.130739,2025-03-04
9,1958,TRON,TRX,tron,1128,2017-09-13T00:00:00.000Z,"['media', 'payments', 'ethereum-ecosystem', 'tron-ecosystem', 'layer-1', 'dwf-labs-portfolio', 'alleged-sec-securities', '2017-2018-alt-season', 'tron20-ecosystem', 'world-liberty-financial-portfolio']",,86060079922.36287,86060115999.18375,True,,10,,,,2025-03-04T11:31:00.000Z,0.23679146138201593,1018129841.7481588,25.9694,0.54341903,-2.34735285,3.68504701,-1.64674839,-9.82739487,-39.79998099,20378292091.46939,0.7364,20378300634.15,,2025-03-04T11:31:00.000Z,,,,,,2025-03-04 17:03:11.130739,2025-03-04
10,35697,Pi,PI,pi,36,2025-02-11T07:16:10.000Z,['layer-1'],100000000000.0,6934214907.78445,100000000000.0,False,,11,6934214907.78445,11978848372.076675,,2025-03-04T11:31:00.000Z,1.7274988634443746,868305012.9583491,-23.6857,0.06404193,-1.03585544,10.93918144,1.64246617,1.64246617,1.64246617,11978848372.076675,0.4329,172749886344.44,,2025-03-04T11:31:00.000Z,,,,,,2025-03-04 17:03:11.130739,2025-03-04
11,4642,Hedera,HBAR,hedera,321,2019-09-17T00:00:00.000Z,"['dag', 'marketplace', 'enterprise-solutions', 'defi', 'payments', 'dcg-portfolio', 'hedera-hashgraph-ecosystem', 'real-world-assets', 'layer-1', 'made-in-america']",50000000000.0,41908412969.057236,50000000000.0,False,,12,,,,2025-03-04T11:31:00.000Z,0.24261515610317516,890483053.335057,-37.9451,2.90121722,-3.22304215,37.57145547,-11.61290252,-22.65139523,-26.18672484,10167616154.52415,0.3674,12130757805.16,,2025-03-04T11:31:00.000Z,,,,,,2025-03-04 17:03:11.130739,2025-03-04
12,3957,UNUS SED LEO,LEO,unus-sed-leo,57,2019-05-21T00:00:00.000Z,"['marketplace', 'centralized-exchange', 'discount-token', 'payments', 'ethereum-ecosystem', 'kenetic-capital-portfolio', 'alameda-research-portfolio']",,924012642.9,985239504.0,False,,13,,,,2025-03-04T11:31:00.000Z,9.928449603009444,8403753.67916549,10.6745,-0.2474775,-0.29764712,11.04846814,1.81373174,9.80291693,4.01391649,9174012957.576212,0.3313,9781900762.36,,2025-03-04T11:31:00.000Z,1027.0,Ethereum,ETH,ethereum,0x2af5d2ad76741191d15dfe7bf6ac92d4bd912ca3,2025-03-04 17:03:11.130739,2025-03-04
13,512,Stellar,XLM,stellar,682,2014-08-05T00:00:00.000Z,"['medium-of-exchange', 'enterprise-solutions', 'decentralized-exchange-dex-token', 'smart-contracts', 'hashkey-capital-portfolio', '2017-2018-alt-season', 'made-in-america']",50001806812.0,30691617224.74155,50001786894.45001,False,,14,,,,2025-03-04T11:31:00.000Z,0.28944578633526574,412655712.10069925,-56.9442,1.0847353,-12.70856887,6.52673429,-24.65229594,-35.65152072,-44.18285214,8883559281.516304,0.321,14472812290.88,,2025-03-04T11:31:00.000Z,,,,,,2025-03-04 17:03:11.130739,2025-03-04
14,1975,Chainlink,LINK,chainlink,1937,2017-09-20T00:00:00.000Z,"['platform', 'defi', 'oracles', 'smart-contracts', 'ethereum-ecosystem', 'substrate', 'polkadot', 'heco-ecosystem', 'avalanche-ecosystem', 'solana-ecosystem', 'framework-ventures-portfolio', 'polygon-ecosystem', 'fantom-ecosystem', 'cardano-ecosystem', 'terra-ecosystem', 'web3', 'near-protocol-ecosystem', 'arbitrum-ecosystem', 'cardano', 'injective-ecosystem', 'bnb-chain-ecosystem', 'optimism-ecosystem', 'real-world-assets', 'celsius-bankruptcy-estate', 'gnosis-chain-ecosystem', 'sora-ecosystem', 'hoo-smart-chain-ecosystem', 'milkomeda-ecosystem', 'energi-ecosystem', 'made-in-america', 'world-liberty-financial-portfolio']",,638099970.4527867,1000000000.0,False,,15,,,,2025-03-04T11:31:00.000Z,13.864050212257204,796937661.7091122,-20.6426,0.63576144,-14.68901619,-3.25066218,-37.90136047,-38.46153858,-44.61238794,8846650030.797274,0.3197,13864050212.26,,2025-03-04T11:31:00.000Z,1027.0,Ethereum,ETH,ethereum,0x514910771af9ca656af840dff83e8264ecf986ca,2025-03-04 17:03:11.130739,2025-03-04
15,5805,Avalanche,AVAX,avalanche,872,2020-07-13T00:00:00.000Z,"['defi', 'smart-contracts', 'three-arrows-capital-portfolio', 'polychain-capital-portfolio', 'avalanche-ecosystem', 'cms-holdings-portfolio', 'dragonfly-capital-portfolio', 'moonbeam-ecosystem', 'real-world-assets', 'layer-1', 'zksync-era-ecosystem', 'klaytn-ecosystem', 'made-in-america']",715748719.0,414112121.4937574,450781621.4937574,False,,16,,,,2025-03-04T11:31:00.000Z,19.991322107441125,725643228.9721599,-18.4044,0.84107164,-14.96891226,-3.37982909,-35.12809838,-51.52414294,-62.94071818,8278648809.377498,0.2992,14308763189.52,,2025-03-04T11:31:00.000Z,,,,,,2025-03-04 17:03:11.130739,2025-03-04
16,2,Litecoin,LTC,litecoin,1323,2013-04-28T00:00:00.000Z,"['mineable', 'pow', 'scrypt', 'medium-of-exchange', 'heco-ecosystem', 'layer-1', '2017-2018-alt-season', 'hoo-smart-chain-ecosystem', 'made-in-america']",84000000.0,75558468.3040892,84000000.0,False,,17,,,,2025-03-04T11:31:00.000Z,102.68818780319407,1491204637.4542475,-27.0013,1.05675145,-12.2208292,-6.87619034,-10.375759,-3.9329406,-20.93667774,7758962183.331999,0.2804,8625807775.47,,2025-03-04T11:31:00.000Z,,,,,,2025-03-04 17:03:11.130739,2025-03-04
17,20947,Sui,SUI,sui,563,2022-07-12T08:03:11.000Z,"['binance-launchpool', 'coinbase-ventures-portfolio', 'binance-labs-portfolio', 'electric-capital-portfolio', 'a16z-portfolio', 'sui-ecosystem', 'layer-1', 'move-vm', 'cmc-crypto-yearbook-2024-2025', 'made-in-america']",10000000000.0,3169845047.4838877,10000000000.0,False,,18,3169845047.4838877,7691643419.59865,,2025-03-04T11:31:00.000Z,2.426504546556308,1265593037.6428208,-16.6186,0.24357343,-17.6528364,-9.06880039,-33.865641,-44.14449842,-35.31157881,7691643419.59865,0.2779,24265045465.56,,2025-03-04T11:31:00.000Z,,,,,,2025-03-04 17:03:11.130739,2025-03-04
18,11419,Toncoin,TON,toncoin,689,2021-08-26T13:40:22.000Z,"['pos', 'ethereum-ecosystem', 'layer-1', 'ftx-bankruptcy-estate', 'dwf-labs-portfolio', 'toncoin-ecosystem', 'cmc-crypto-yearbook-2024-2025']",,2476339840.812461,5123748001.921454,True,,19,,,,2025-03-04T11:31:00.000Z,3.0560476348810557,265166094.2483812,28.7226,0.53400593,-9.02238144,-9.18375365,-33.1129607,-45.89695904,-56.97887683,7567812513.676651,0.2735,15658417963.0,,2025-03-04T11:31:00.000Z,,,,,,2025-03-04 17:03:11.130739,2025-03-04
19,5994,Shiba Inu,SHIB,shiba-inu,934,2020-08-01T00:00:00.000Z,"['memes', 'ethereum-ecosystem', 'doggone-doggerel', 'base-ecosystem']",,589253592023024.2,589507019662654.2,False,,20,,,,2025-03-04T11:31:00.000Z,1.283883089805876e-05,465222947.5451237,-0.082,1.00818298,-8.92009678,-4.10953853,-25.39699761,-44.26780298,-57.88248057,7565327224.057314,0.2734,7568580938.67,,2025-03-04T11:31:00.000Z,1027.0,Ethereum,ETH,ethereum,0x95ad61b0a150d79219dcf64e1e6cc01f0b64c4ce,2025-03-04 17:03:11.130739,2025-03-04
0,1,Bitcoin,BTC,bitcoin,11969,2010-07-13T00:00:00.000Z,"['mineable', 'pow', 'sha-256', 'store-of-value', 'state-channel', 'coinbase-ventures-portfolio', 'three-arrows-capital-portfolio', 'polychain-capital-portfolio', 'binance-labs-portfolio', 'blockchain-capital-portfolio', 'boostvc-portfolio', 'cms-holdings-portfolio', 'dcg-portfolio', 'dragonfly-capital-portfolio', 'electric-capital-portfolio', 'fabric-ventures-portfolio', 'framework-ventures-portfolio', 'galaxy-digital-portfolio', 'huobi-capital-portfolio', 'alameda-research-portfolio', 'a16z-portfolio', '1confirmation-portfolio', 'winklevoss-capital-portfolio', 'usv-portfolio', 'placeholder-ventures-portfolio', 'pantera-capital-portfolio', 'multicoin-capital-portfolio', 'paradigm-portfolio', 'bitcoin-ecosystem', 'ftx-bankruptcy-estate', '2017-2018-alt-season', 'us-strategic-crypto-reserve']",21000000.0,19832612.0,19832612.0,False,,1,,,,2025-03-05T17:23:00.000Z,89561.14489434303,59297589960.60431,-18.308,1.60101414,5.99125828,3.14773376,-9.41505189,-8.4118417,-11.24499381,1776231436965.2864,60.714,1880784042781.2,,2025-03-05T17:23:00.000Z,,,,,,2025-03-05 22:55:32.863654,2025-03-05
1,1027,Ethereum,ETH,ethereum,9961,2015-08-07T00:00:00.000Z,"['pos', 'smart-contracts', 'ethereum-ecosystem', 'coinbase-ventures-portfolio', 'three-arrows-capital-portfolio', 'polychain-capital-portfolio', 'heco-ecosystem', 'binance-labs-portfolio', 'avalanche-ecosystem', 'solana-ecosystem', 'blockchain-capital-portfolio', 'boostvc-portfolio', 'cms-holdings-portfolio', 'dcg-portfolio', 'dragonfly-capital-portfolio', 'electric-capital-portfolio', 'fabric-ventures-portfolio', 'framework-ventures-portfolio', 'hashkey-capital-portfolio', 'kenetic-capital-portfolio', 'huobi-capital-portfolio', 'alameda-research-portfolio', 'a16z-portfolio', '1confirmation-portfolio', 'winklevoss-capital-portfolio', 'usv-portfolio', 'placeholder-ventures-portfolio', 'pantera-capital-portfolio', 'multicoin-capital-portfolio', 'paradigm-portfolio', 'tezos-ecosystem', 'near-protocol-ecosystem', 'velas-ecosystem', 'ethereum-pow-ecosystem', 'osmosis-ecosystem', 'layer-1', 'ftx-bankruptcy-estate', 'zksync-era-ecosystem', 'viction-ecosystem', 'klaytn-ecosystem', 'sora-ecosystem', 'rsk-rbtc-ecosystem', 'starknet-ecosystem', 'world-liberty-financial-portfolio', 'us-strategic-crypto-reserve']",,120592467.4460874,120592467.4460874,True,,2,,,,2025-03-05T17:23:00.000Z,2203.2301358335335,24803120604.44733,-33.8539,1.06269233,4.09071824,-7.78606117,-18.43199972,-39.24982511,-43.82487828,265692958431.7441,9.0817,265692958431.74,,2025-03-05T17:23:00.000Z,,,,,,2025-03-05 22:55:32.863654,2025-03-05
2,52,XRP,XRP,xrp,1545,2013-08-04T00:00:00.000Z,"['medium-of-exchange', 'enterprise-solutions', 'xrp-ecosystem', 'arrington-xrp-capital-portfolio', 'galaxy-digital-portfolio', 'a16z-portfolio', 'pantera-capital-portfolio', 'ftx-bankruptcy-estate', '2017-2018-alt-season', 'klaytn-ecosystem', 'made-in-america', 'us-strategic-crypto-reserve']",100000000000.0,57949738512.0,99986390660.0,False,,3,,,,2025-03-05T17:23:00.000Z,2.4785027052643223,7416529168.59294,-45.6447,0.99745773,2.56791391,10.55590496,-6.39982515,2.3856006,2.51335499,143628583671.35208,4.9094,247850270526.43,,2025-03-05T17:23:00.000Z,,,,,,2025-03-05 22:55:32.863654,2025-03-05
3,825,Tether USDt,USDT,tether,118373,2015-02-25T00:00:00.000Z,"['stablecoin', 'asset-backed-stablecoin', 'ethereum-ecosystem', 'waves-ecosystem', 'bitcoin-cash-ecosystem', 'heco-ecosystem', 'algorand-ecosystem', 'avalanche-ecosystem', 'solana-ecosystem', 'polygon-ecosystem', 'fantom-ecosystem', 'terra-ecosystem', 'tezos-ecosystem', 'near-protocol-ecosystem', 'arbitrum-ecosystem', 'celo-ecosystem', 'iotex-ecosystem', 'zilliqa-ecosystem', 'harmony-ecosystem', 'moonriver-ecosystem', 'cronos-ecosystem', 'injective-ecosystem', 'oasis-ecosystem', 'moonbeam-ecosystem', 'usd-stablecoin', 'xdc-ecosystem', 'everscale-ecosystem', 'velas-ecosystem', 'doge-chain-ecosystem', 'ethereum-pow-ecosystem', 'aptos-ecosystem', 'sui-ecosystem', 'optimism-ecosystem', 'canto-ecosystem', 'osmosis-ecosystem', 'zksync-era-ecosystem', 'pulsechain-ecosystem', 'sei-ecosystem', 'toncoin-ecosystem', 'fiat-stablecoin', 'viction-ecosystem', 'gnosis-chain-ecosystem', 'klaytn-ecosystem', 'okexchain-ecosystem', 'conflux-ecosystem', 'kcc-ecosystem', 'tron20-ecosystem', 'kardiachain-ecosystem', 'rsk-rbtc-ecosystem', 'telos-ecosystem', 'boba-network-ecosystem', 'fusion-network-ecosystem', 'hoo-smart-chain-ecosystem', 'secret-ecosystem', 'aurora-ecosystem', 'metis-andromeda-ecosystem', 'meter-ecosystem', 'fuse-ecosystem', 'syscoin-ecosystem', 'milkomeda-ecosystem', 'bitgert-ecosystem', 'astar-ecosystem', 'cube-network-ecosystem', 'thundercore-ecosystem', 'redlight-chain-ecosystem', 'core-ecosystem', 'polygon-zkevm-ecosystem', 'eos-evm-ecosystem', 'starknet-ecosystem', 'mantle-ecosystem', 'neon-evm-ecosystem', 'manta-pacific-ecosystem', 'scroll-ecosystem', 'x-layer-ecosystem', 'world-liberty-financial-portfolio']",,142495395118.6436,144561615222.92096,True,,4,,,,2025-03-05T17:23:00.000Z,0.9998009368307669,105810833681.63852,-26.0854,-0.00399491,-0.06320708,0.08656719,-0.14938511,-0.00026844,-0.06651606,142467029533.69016,4.8697,144532838329.65,,2025-03-05T17:23:00.000Z,1027.0,Ethereum,ETH,ethereum,0xdac17f958d2ee523a2206206994597c13d831ec7,2025-03-05 22:55:32.863654,2025-03-05
4,1839,BNB,BNB,bnb,2382,2017-07-25T00:00:00.000Z,"['marketplace', 'centralized-exchange', 'payments', 'smart-contracts', 'ethereum-ecosystem', 'alameda-research-portfolio', 'multicoin-capital-portfolio', 'bnb-chain-ecosystem', 'layer-1', 'alleged-sec-securities', 'celsius-bankruptcy-estate']",,142475689.75,142475689.75,False,,5,,,,2025-03-05T17:23:00.000Z,591.9833263644782,1592117246.7633085,-26.9258,0.27447798,3.30979202,-3.57939115,-0.20831508,-16.83589575,-19.40685947,84343232744.2784,2.883,84343232744.28,,2025-03-05T17:23:00.000Z,,,,,,2025-03-05 22:55:32.863654,2025-03-05
5,5426,Solana,SOL,solana,847,2020-04-10T00:00:00.000Z,"['pos', 'platform', 'solana-ecosystem', 'cms-holdings-portfolio', 'kenetic-capital-portfolio', 'alameda-research-portfolio', 'multicoin-capital-portfolio', 'okx-ventures-portfolio', 'layer-1', 'ftx-bankruptcy-estate', 'alleged-sec-securities', 'cmc-crypto-awards-2024', 'made-in-america', 'us-strategic-crypto-reserve']",,507942313.51213366,595436141.4478455,True,,6,,,,2025-03-05T17:23:00.000Z,142.61500643653832,5556363913.770716,-39.8489,0.37614295,2.82660413,4.77246245,-31.21613918,-33.72251412,-40.61653557,72440196310.92311,2.4761,84918129145.13,,2025-03-05T17:23:00.000Z,,,,,,2025-03-05 22:55:32.863654,2025-03-05
6,3408,USDC,USDC,usd-coin,26059,2018-10-08T00:00:00.000Z,"['medium-of-exchange', 'stablecoin', 'asset-backed-stablecoin', 'ethereum-ecosystem', 'waves-ecosystem', 'bitcoin-cash-ecosystem', 'wanchain-ecosystem', 'coinbase-ventures-portfolio', 'algorand-ecosystem', 'avalanche-ecosystem', 'solana-ecosystem', 'hedera-hashgraph-ecosystem', 'polygon-ecosystem', 'terra-ecosystem', 'near-protocol-ecosystem', 'arbitrum-ecosystem', 'celo-ecosystem', 'iotex-ecosystem', 'harmony-ecosystem', 'moonriver-ecosystem', 'cronos-ecosystem', 'injective-ecosystem', 'oasis-ecosystem', 'moonbeam-ecosystem', 'usd-stablecoin', 'everscale-ecosystem', 'velas-ecosystem', 'doge-chain-ecosystem', 'ethereum-pow-ecosystem', 'aptos-ecosystem', 'sui-ecosystem', 'optimism-ecosystem', 'canto-ecosystem', 'osmosis-ecosystem', 'zksync-era-ecosystem', 'pulsechain-ecosystem', 'base-ecosystem', 'sei-ecosystem', 'multiversx-ecosystem', 'fiat-stablecoin', 'viction-ecosystem', 'gnosis-chain-ecosystem', 'okexchain-ecosystem', 'conflux-ecosystem', 'kcc-ecosystem', 'tron20-ecosystem', 'kardiachain-ecosystem', 'telos-ecosystem', 'ronin-ecosystem', 'boba-network-ecosystem', 'kava-ecosystem', 'secret-ecosystem', 'aurora-ecosystem', 'metis-andromeda-ecosystem', 'meter-ecosystem', 'fuse-ecosystem', 'elastos-ecosystem', 'syscoin-ecosystem', 'milkomeda-ecosystem', 'evmos-ecosystem', 'bitgert-ecosystem', 'astar-ecosystem', 'thundercore-ecosystem', 'tomb-chain-ecosystem', 'wemix-ecosystem', 'sx-network-ecosystem', 'godwoken-ecosystem', 'energi-ecosystem', 'core-ecosystem', 'polygon-zkevm-ecosystem', 'starknet-ecosystem', 'mantle-ecosystem', 'neon-evm-ecosystem', 'scroll-ecosystem', 'shido-network-ecosystem', 'made-in-america', 'world-liberty-financial-portfolio']",,56870727540.974205,56870727540.974205,False,,7,,,,2025-03-05T17:23:00.000Z,0.9999548299870002,10674070537.08458,-31.1136,0.0038764,-0.06820064,-0.0029481,0.01104485,0.00282069,0.03360015,56868158689.47187,1.9438,56868158689.47,,2025-03-05T17:23:00.000Z,1027.0,Ethereum,ETH,ethereum,0xa0b86991c6218b36c1d19d4a2e9eb0ce3606eb48,2025-03-05 22:55:32.863654,2025-03-05
7,2010,Cardano,ADA,cardano,1470,2017-10-01T00:00:00.000Z,"['dpos', 'pos', 'platform', 'research', 'smart-contracts', 'staking', 'cardano-ecosystem', 'cardano', 'layer-1', 'alleged-sec-securities', '2017-2018-alt-season', 'made-in-america', 'us-strategic-crypto-reserve']",45000000000.0,35212423444.401985,44994943014.63995,False,,8,,,,2025-03-05T17:23:00.000Z,0.9611783419057086,4855677009.205587,-10.8802,2.16651242,7.9182543,43.97561317,25.23452664,-10.5000615,-21.27577785,33845418780.772,1.1569,43253025385.76,,2025-03-05T17:23:00.000Z,,,,,,2025-03-05 22:55:32.863654,2025-03-05
8,74,Dogecoin,DOGE,dogecoin,1174,2013-12-15T00:00:00.000Z,"['mineable', 'pow', 'scrypt', 'medium-of-exchange', 'memes', 'payments', 'doggone-doggerel', 'ftx-bankruptcy-estate', 'made-in-america']",,148304326383.7052,148304326383.7052,True,,9,,,,2025-03-05T17:23:00.000Z,0.20126366211013177,1640146339.0858006,-42.2796,0.59998231,3.53061233,-1.31838948,-26.04664796,-47.31683467,-54.25261853,29848271834.760746,1.0203,29848271834.76,,2025-03-05T17:23:00.000Z,,,,,,2025-03-05 22:55:32.863654,2025-03-05
9,1958,TRON,TRX,tron,1128,2017-09-13T00:00:00.000Z,"['media', 'payments', 'ethereum-ecosystem', 'tron-ecosystem', 'layer-1', 'dwf-labs-portfolio', 'alleged-sec-securities', '2017-2018-alt-season', 'tron20-ecosystem', 'world-liberty-financial-portfolio']",,86054365366.67236,86054400011.86586,True,,10,,,,2025-03-05T17:23:00.000Z,0.24384128531412352,692343519.2827492,-38.5793,-0.03852576,2.56600869,7.80334066,7.91323692,-9.81505306,-26.05586325,20983607057.900585,0.7172,20983615505.83,,2025-03-05T17:23:00.000Z,,,,,,2025-03-05 22:55:32.863654,2025-03-05
10,35697,Pi,PI,pi,36,2025-02-11T07:16:10.000Z,['layer-1'],100000000000.0,6993905563.0243025,100000000000.0,False,,11,6993905563.0243025,13362660903.701166,,2025-03-05T17:23:00.000Z,1.9106150037752139,926747455.6968962,9.9686,1.58601125,9.04302975,-25.24591893,12.41664176,12.41664176,12.41664176,13362660903.701166,0.4568,191061500377.52,,2025-03-05T17:23:00.000Z,,,,,,2025-03-05 22:55:32.863654,2025-03-05
11,4642,Hedera,HBAR,hedera,321,2019-09-17T00:00:00.000Z,"['dag', 'marketplace', 'enterprise-solutions', 'defi', 'payments', 'dcg-portfolio', 'hedera-hashgraph-ecosystem', 'real-world-assets', 'layer-1', 'made-in-america']",50000000000.0,41908412969.08164,50000000000.0,False,,12,,,,2025-03-05T17:23:00.000Z,0.24632184150849712,740496307.5148464,-26.6802,0.6888657,3.16491344,24.97988525,-5.59290554,-19.61806874,-16.8730125,10322957457.242773,0.3529,12316092075.42,,2025-03-05T17:23:00.000Z,,,,,,2025-03-05 22:55:32.863654,2025-03-05
12,1975,Chainlink,LINK,chainlink,1938,2017-09-20T00:00:00.000Z,"['platform', 'defi', 'oracles', 'smart-contracts', 'ethereum-ecosystem', 'substrate', 'polkadot', 'heco-ecosystem', 'avalanche-ecosystem', 'solana-ecosystem', 'framework-ventures-portfolio', 'polygon-ecosystem', 'fantom-ecosystem', 'cardano-ecosystem', 'terra-ecosystem', 'web3', 'near-protocol-ecosystem', 'arbitrum-ecosystem', 'cardano', 'injective-ecosystem', 'bnb-chain-ecosystem', 'optimism-ecosystem', 'real-world-assets', 'celsius-bankruptcy-estate', 'gnosis-chain-ecosystem', 'sora-ecosystem', 'hoo-smart-chain-ecosystem', 'milkomeda-ecosystem', 'energi-ecosystem', 'made-in-america', 'world-liberty-financial-portfolio']",,638099970.4527867,1000000000.0,False,,13,,,,2025-03-05T17:23:00.000Z,15.975049657230006,934601627.4647387,6.2334,1.54114735,14.55060442,4.12967394,-21.7619943,-31.69308834,-34.76993017,10193678714.260267,0.3484,15975049657.23,,2025-03-05T17:23:00.000Z,1027.0,Ethereum,ETH,ethereum,0x514910771af9ca656af840dff83e8264ecf986ca,2025-03-05 22:55:32.863654,2025-03-05
13,512,Stellar,XLM,stellar,683,2014-08-05T00:00:00.000Z,"['medium-of-exchange', 'enterprise-solutions', 'decentralized-exchange-dex-token', 'smart-contracts', 'hashkey-capital-portfolio', '2017-2018-alt-season', 'made-in-america']",50001806812.0,30691657309.847515,50001786894.45001,False,,14,,,,2025-03-05T17:23:00.000Z,0.2987640407774339,330673154.8383483,-22.7986,0.18063774,3.89077495,2.96281871,-15.69070367,-33.39639155,-39.37192343,9169563556.04631,0.3134,14938741849.33,,2025-03-05T17:23:00.000Z,,,,,,2025-03-05 22:55:32.863654,2025-03-05
14,3957,UNUS SED LEO,LEO,unus-sed-leo,57,2019-05-21T00:00:00.000Z,"['marketplace', 'centralized-exchange', 'discount-token', 'payments', 'ethereum-ecosystem', 'kenetic-capital-portfolio', 'alameda-research-portfolio']",,924006804.9,985239504.0,False,,15,,,,2025-03-05T17:23:00.000Z,9.905866868445775,3481706.12275134,-63.741,-0.02304945,-0.22608259,9.87593852,1.28185757,8.43890318,5.52046976,9153088394.87735,0.3129,9759651360.16,,2025-03-05T17:23:00.000Z,1027.0,Ethereum,ETH,ethereum,0x2af5d2ad76741191d15dfe7bf6ac92d4bd912ca3,2025-03-05 22:55:32.863654,2025-03-05
15,5805,Avalanche,AVAX,avalanche,874,2020-07-13T00:00:00.000Z,"['defi', 'smart-contracts', 'three-arrows-capital-portfolio', 'polychain-capital-portfolio', 'avalanche-ecosystem', 'cms-holdings-portfolio', 'dragonfly-capital-portfolio', 'moonbeam-ecosystem', 'real-world-assets', 'layer-1', 'zksync-era-ecosystem', 'klaytn-ecosystem', 'made-in-america']",715748719.0,414134259.8101063,450803759.8101063,False,,16,,,,2025-03-05T17:23:00.000Z,20.608259231569328,500640981.05116713,-40.9738,1.48306065,3.38189965,-6.87597063,-24.80092425,-50.36041895,-60.98852978,8534586182.840753,0.2917,14750335145.82,,2025-03-05T17:23:00.000Z,,,,,,2025-03-05 22:55:32.863654,2025-03-05
16,20947,Sui,SUI,sui,563,2022-07-12T08:03:11.000Z,"['binance-launchpool', 'coinbase-ventures-portfolio', 'binance-labs-portfolio', 'electric-capital-portfolio', 'a16z-portfolio', 'sui-ecosystem', 'layer-1', 'move-vm', 'cmc-crypto-yearbook-2024-2025', 'made-in-america']",10000000000.0,3169845047.4838877,10000000000.0,False,,17,3169845047.4838877,7963489284.555297,,2025-03-05T17:23:00.000Z,2.5122645319450037,1019688357.1808956,-31.2465,0.9001995,4.60405542,-14.24672868,-29.36502633,-51.20547497,-40.15495987,7963489284.555297,0.2722,25122645319.45,,2025-03-05T17:23:00.000Z,,,,,,2025-03-05 22:55:32.863654,2025-03-05
17,2,Litecoin,LTC,litecoin,1323,2013-04-28T00:00:00.000Z,"['mineable', 'pow', 'scrypt', 'medium-of-exchange', 'heco-ecosystem', 'layer-1', '2017-2018-alt-season', 'hoo-smart-chain-ecosystem', 'made-in-america']",84000000.0,75558468.3040892,84000000.0,False,,18,,,,2025-03-05T17:23:00.000Z,103.11412075272104,893668789.2323145,-47.4035,0.63645845,1.56459397,-18.4255855,0.68916804,-7.10366238,-27.6396963,7791145024.598499,0.2663,8661586143.23,,2025-03-05T17:23:00.000Z,,,,,,2025-03-05 22:55:32.863654,2025-03-05
18,1831,Bitcoin Cash,BCH,bitcoin-cash,985,2017-07-23T00:00:00.000Z,"['mineable', 'pow', 'sha-256', 'marketplace', 'medium-of-exchange', 'store-of-value', 'enterprise-solutions', 'payments', 'heco-ecosystem', 'bitcoin-ecosystem', 'layer-1', '2017-2018-alt-season', 'made-in-america']",21000000.0,19838128.125,19838128.125,False,,19,,,,2025-03-05T17:23:00.000Z,391.9026547836299,991702005.7201324,94.7234,0.9885739,27.04567513,33.05604944,17.19972421,-18.0893498,-35.80523823,7774615078.125294,0.2657,8229955750.46,,2025-03-05T17:23:00.000Z,,,,,,2025-03-05 22:55:32.863654,2025-03-05
19,5994,Shiba Inu,SHIB,shiba-inu,934,2020-08-01T00:00:00.000Z,"['memes', 'ethereum-ecosystem', 'doggone-doggerel', 'base-ecosystem']",,589253552062151.8,589507005263179.4,False,,20,,,,2025-03-05T17:23:00.000Z,1.3145809335579856e-05,232991469.82738987,-54.5001,0.58803382,2.68591758,-7.17466399,-16.56786535,-45.59382267,-57.89699581,7746214845.722225,0.2651,7749546693.18,,2025-03-05T17:23:00.000Z,1027.0,Ethereum,ETH,ethereum,0x95ad61b0a150d79219dcf64e1e6cc01f0b64c4ce,2025-03-05 22:55:32.863654,2025-03-05
0,1,Bitcoin,BTC,bitcoin,11969,2010-07-13T00:00:00.000Z,"['mineable', 'pow', 'sha-256', 'store-of-value', 'state-channel', 'coinbase-ventures-portfolio', 'three-arrows-capital-portfolio', 'polychain-capital-portfolio', 'binance-labs-portfolio', 'blockchain-capital-portfolio', 'boostvc-portfolio', 'cms-holdings-portfolio', 'dcg-portfolio', 'dragonfly-capital-portfolio', 'electric-capital-portfolio', 'fabric-ventures-portfolio', 'framework-ventures-portfolio', 'galaxy-digital-portfolio', 'huobi-capital-portfolio', 'alameda-research-portfolio', 'a16z-portfolio', '1confirmation-portfolio', 'winklevoss-capital-portfolio', 'usv-portfolio', 'placeholder-ventures-portfolio', 'pantera-capital-portfolio', 'multicoin-capital-portfolio', 'paradigm-portfolio', 'bitcoin-ecosystem', 'ftx-bankruptcy-estate', '2017-2018-alt-season', 'us-strategic-crypto-reserve']",21000000.0,19832956.0,19832956.0,False,,1,,,,2025-03-06T10:34:00.000Z,91465.32640025219,52100061850.936615,-11.5601,0.73970448,1.6584993,5.96556404,-7.39319637,-6.32322878,-6.6249694,1814027794021.84,60.1686,1920771854405.3,,2025-03-06T10:34:00.000Z,,,,,,2025-03-06 16:05:57.858244,2025-03-06
1,1027,Ethereum,ETH,ethereum,9961,2015-08-07T00:00:00.000Z,"['pos', 'smart-contracts', 'ethereum-ecosystem', 'coinbase-ventures-portfolio', 'three-arrows-capital-portfolio', 'polychain-capital-portfolio', 'heco-ecosystem', 'binance-labs-portfolio', 'avalanche-ecosystem', 'solana-ecosystem', 'blockchain-capital-portfolio', 'boostvc-portfolio', 'cms-holdings-portfolio', 'dcg-portfolio', 'dragonfly-capital-portfolio', 'electric-capital-portfolio', 'fabric-ventures-portfolio', 'framework-ventures-portfolio', 'hashkey-capital-portfolio', 'kenetic-capital-portfolio', 'huobi-capital-portfolio', 'alameda-research-portfolio', 'a16z-portfolio', '1confirmation-portfolio', 'winklevoss-capital-portfolio', 'usv-portfolio', 'placeholder-ventures-portfolio', 'pantera-capital-portfolio', 'multicoin-capital-portfolio', 'paradigm-portfolio', 'tezos-ecosystem', 'near-protocol-ecosystem', 'velas-ecosystem', 'ethereum-pow-ecosystem', 'osmosis-ecosystem', 'layer-1', 'ftx-bankruptcy-estate', 'zksync-era-ecosystem', 'viction-ecosystem', 'klaytn-ecosystem', 'sora-ecosystem', 'rsk-rbtc-ecosystem', 'starknet-ecosystem', 'world-liberty-financial-portfolio', 'us-strategic-crypto-reserve']",,120594948.9252216,120594948.9252216,True,,2,,,,2025-03-06T10:35:00.000Z,2301.339121938467,21023476088.019417,-27.0859,0.7169959,1.32927483,-2.8141511,-15.80190639,-36.34191808,-40.46238369,277529873869.78375,9.1928,277529873869.78,,2025-03-06T10:35:00.000Z,,,,,,2025-03-06 16:05:57.858244,2025-03-06
2,52,XRP,XRP,xrp,1546,2013-08-04T00:00:00.000Z,"['medium-of-exchange', 'enterprise-solutions', 'xrp-ecosystem', 'arrington-xrp-capital-portfolio', 'galaxy-digital-portfolio', 'a16z-portfolio', 'pantera-capital-portfolio', 'ftx-bankruptcy-estate', '2017-2018-alt-season', 'klaytn-ecosystem', 'made-in-america', 'us-strategic-crypto-reserve']",100000000000.0,57949738512.0,99986390660.0,False,,3,,,,2025-03-06T10:35:00.000Z,2.5773871840127787,6102151635.30559,-36.477,0.19349265,1.99324415,15.23461916,0.53462624,10.18234599,14.24446256,149358913357.72055,4.9516,257738718401.28,,2025-03-06T10:35:00.000Z,,,,,,2025-03-06 16:05:57.858244,2025-03-06
3,825,Tether USDt,USDT,tether,118473,2015-02-25T00:00:00.000Z,"['stablecoin', 'asset-backed-stablecoin', 'ethereum-ecosystem', 'waves-ecosystem', 'bitcoin-cash-ecosystem', 'heco-ecosystem', 'algorand-ecosystem', 'avalanche-ecosystem', 'solana-ecosystem', 'polygon-ecosystem', 'fantom-ecosystem', 'terra-ecosystem', 'tezos-ecosystem', 'near-protocol-ecosystem', 'arbitrum-ecosystem', 'celo-ecosystem', 'iotex-ecosystem', 'zilliqa-ecosystem', 'harmony-ecosystem', 'moonriver-ecosystem', 'cronos-ecosystem', 'injective-ecosystem', 'oasis-ecosystem', 'moonbeam-ecosystem', 'usd-stablecoin', 'xdc-ecosystem', 'everscale-ecosystem', 'velas-ecosystem', 'doge-chain-ecosystem', 'ethereum-pow-ecosystem', 'aptos-ecosystem', 'sui-ecosystem', 'optimism-ecosystem', 'canto-ecosystem', 'osmosis-ecosystem', 'zksync-era-ecosystem', 'pulsechain-ecosystem', 'sei-ecosystem', 'toncoin-ecosystem', 'fiat-stablecoin', 'viction-ecosystem', 'gnosis-chain-ecosystem', 'klaytn-ecosystem', 'okexchain-ecosystem', 'conflux-ecosystem', 'kcc-ecosystem', 'tron20-ecosystem', 'kardiachain-ecosystem', 'rsk-rbtc-ecosystem', 'telos-ecosystem', 'boba-network-ecosystem', 'fusion-network-ecosystem', 'hoo-smart-chain-ecosystem', 'secret-ecosystem', 'aurora-ecosystem', 'metis-andromeda-ecosystem', 'meter-ecosystem', 'fuse-ecosystem', 'syscoin-ecosystem', 'milkomeda-ecosystem', 'bitgert-ecosystem', 'astar-ecosystem', 'cube-network-ecosystem', 'thundercore-ecosystem', 'redlight-chain-ecosystem', 'core-ecosystem', 'polygon-zkevm-ecosystem', 'eos-evm-ecosystem', 'starknet-ecosystem', 'mantle-ecosystem', 'neon-evm-ecosystem', 'manta-pacific-ecosystem', 'scroll-ecosystem', 'x-layer-ecosystem', 'world-liberty-financial-portfolio']",,142718418332.12698,144561615171.715,True,,4,,,,2025-03-06T10:34:00.000Z,1.0000499897308857,92903052738.15698,-18.2823,0.00913278,0.01623896,0.10458561,-0.06625682,0.03653274,-0.07362005,142725552787.45184,4.734,144568841767.95,,2025-03-06T10:34:00.000Z,1027.0,Ethereum,ETH,ethereum,0xdac17f958d2ee523a2206206994597c13d831ec7,2025-03-06 16:05:57.858244,2025-03-06
4,1839,BNB,BNB,bnb,2382,2017-07-25T00:00:00.000Z,"['marketplace', 'centralized-exchange', 'payments', 'smart-contracts', 'ethereum-ecosystem', 'alameda-research-portfolio', 'multicoin-capital-portfolio', 'bnb-chain-ecosystem', 'layer-1', 'alleged-sec-securities', 'celsius-bankruptcy-estate']",,142475647.47,142475647.47,False,,5,,,,2025-03-06T10:35:00.000Z,603.7894073714508,1632804529.8266425,-9.1106,0.36865593,0.10867445,-1.77368167,4.06367261,-14.51076737,-15.53851135,86025286750.77504,2.852,86025286750.78,,2025-03-06T10:35:00.000Z,,,,,,2025-03-06 16:05:57.858244,2025-03-06
5,5426,Solana,SOL,solana,848,2020-04-10T00:00:00.000Z,"['pos', 'platform', 'solana-ecosystem', 'cms-holdings-portfolio', 'kenetic-capital-portfolio', 'alameda-research-portfolio', 'multicoin-capital-portfolio', 'okx-ventures-portfolio', 'layer-1', 'ftx-bankruptcy-estate', 'alleged-sec-securities', 'cmc-crypto-awards-2024', 'made-in-america', 'us-strategic-crypto-reserve']",,508124965.74675316,595587976.751522,True,,6,,,,2025-03-06T10:35:00.000Z,149.0281970565526,4553905616.514415,-32.9681,-0.67061376,0.14266735,5.26925679,-28.34728941,-30.26449946,-36.7008206,75724947524.66118,2.5094,88759402363.84,,2025-03-06T10:35:00.000Z,,,,,,2025-03-06 16:05:57.858244,2025-03-06
6,3408,USDC,USDC,usd-coin,26064,2018-10-08T00:00:00.000Z,"['medium-of-exchange', 'stablecoin', 'asset-backed-stablecoin', 'ethereum-ecosystem', 'waves-ecosystem', 'bitcoin-cash-ecosystem', 'wanchain-ecosystem', 'coinbase-ventures-portfolio', 'algorand-ecosystem', 'avalanche-ecosystem', 'solana-ecosystem', 'hedera-hashgraph-ecosystem', 'polygon-ecosystem', 'terra-ecosystem', 'near-protocol-ecosystem', 'arbitrum-ecosystem', 'celo-ecosystem', 'iotex-ecosystem', 'harmony-ecosystem', 'moonriver-ecosystem', 'cronos-ecosystem', 'injective-ecosystem', 'oasis-ecosystem', 'moonbeam-ecosystem', 'usd-stablecoin', 'everscale-ecosystem', 'velas-ecosystem', 'doge-chain-ecosystem', 'ethereum-pow-ecosystem', 'aptos-ecosystem', 'sui-ecosystem', 'optimism-ecosystem', 'canto-ecosystem', 'osmosis-ecosystem', 'zksync-era-ecosystem', 'pulsechain-ecosystem', 'base-ecosystem', 'sei-ecosystem', 'multiversx-ecosystem', 'fiat-stablecoin', 'viction-ecosystem', 'gnosis-chain-ecosystem', 'okexchain-ecosystem', 'conflux-ecosystem', 'kcc-ecosystem', 'tron20-ecosystem', 'kardiachain-ecosystem', 'telos-ecosystem', 'ronin-ecosystem', 'boba-network-ecosystem', 'kava-ecosystem', 'secret-ecosystem', 'aurora-ecosystem', 'metis-andromeda-ecosystem', 'meter-ecosystem', 'fuse-ecosystem', 'elastos-ecosystem', 'syscoin-ecosystem', 'milkomeda-ecosystem', 'evmos-ecosystem', 'bitgert-ecosystem', 'astar-ecosystem', 'thundercore-ecosystem', 'tomb-chain-ecosystem', 'wemix-ecosystem', 'sx-network-ecosystem', 'godwoken-ecosystem', 'energi-ecosystem', 'core-ecosystem', 'polygon-zkevm-ecosystem', 'starknet-ecosystem', 'mantle-ecosystem', 'neon-evm-ecosystem', 'scroll-ecosystem', 'shido-network-ecosystem', 'made-in-america', 'world-liberty-financial-portfolio']",,57300105184.29345,57300105184.29345,False,,7,,,,2025-03-06T10:35:00.000Z,0.9999290848208197,10306584911.73236,-11.8557,0.00348736,-0.0138192,0.00747908,-0.00116673,-0.02573751,0.01503211,57296041737.06725,1.8987,57296041737.07,,2025-03-06T10:35:00.000Z,1027.0,Ethereum,ETH,ethereum,0xa0b86991c6218b36c1d19d4a2e9eb0ce3606eb48,2025-03-06 16:05:57.858244,2025-03-06
7,2010,Cardano,ADA,cardano,1473,2017-10-01T00:00:00.000Z,"['dpos', 'pos', 'platform', 'research', 'smart-contracts', 'staking', 'cardano-ecosystem', 'cardano', 'layer-1', 'alleged-sec-securities', '2017-2018-alt-season', 'made-in-america', 'us-strategic-crypto-reserve']",45000000000.0,35224212741.26694,44994911756.12524,False,,8,,,,2025-03-06T10:35:00.000Z,0.9639149340453137,3453941346.3409476,-33.5151,1.71581439,-3.15525208,43.04260839,29.07809931,-10.85531704,-16.48037762,33953144701.296417,1.125,43376172032.04,,2025-03-06T10:35:00.000Z,,,,,,2025-03-06 16:05:57.858244,2025-03-06
8,74,Dogecoin,DOGE,dogecoin,1174,2013-12-15T00:00:00.000Z,"['mineable', 'pow', 'scrypt', 'medium-of-exchange', 'memes', 'payments', 'doggone-doggerel', 'doge-chain-ecosystem', 'ftx-bankruptcy-estate', 'made-in-america']",,148313926383.70523,148313926383.70523,True,,9,,,,2025-03-06T10:34:00.000Z,0.21152901507942704,1751130701.517852,-12.6187,1.25222517,3.15803408,0.6590796,-20.79135206,-44.75250884,-50.29930971,31372698770.507816,1.0406,31372698770.51,,2025-03-06T10:34:00.000Z,,,,,,2025-03-06 16:05:57.858244,2025-03-06
9,1958,TRON,TRX,tron,1128,2017-09-13T00:00:00.000Z,"['media', 'payments', 'ethereum-ecosystem', 'tron-ecosystem', 'layer-1', 'dwf-labs-portfolio', 'alleged-sec-securities', '2017-2018-alt-season', 'tron20-ecosystem', 'world-liberty-financial-portfolio']",,86053346286.93431,86053387388.27162,True,,10,,,,2025-03-06T10:35:00.000Z,0.24309546197132872,597331743.6011416,-30.2525,-1.24633569,0.30119267,6.06551449,9.80880714,-7.47357704,-23.08002624,20919177969.80102,0.6935,20919187961.35,,2025-03-06T10:35:00.000Z,,,,,,2025-03-06 16:05:57.858244,2025-03-06
10,4275,COMBO,COMBO,combo-network,115,2019-08-21T00:00:00.000Z,"['media', 'collectibles-nfts', 'gaming', 'ethereum-ecosystem', 'bnb-chain-ecosystem']",,82132584268.0,82132584268.0,False,,11,66860636.59,13187077.97887375,,2025-03-06T10:35:00.000Z,0.19723231263469712,8741132.45866781,-51.6621,0.98021082,0.03687627,-31.1867972,-19.29215002,-58.73496559,-68.15892047,16199199537.841782,0.5368,16199199537.84,,2025-03-06T10:35:00.000Z,1027.0,Ethereum,ETH,ethereum,0xc03fbf20a586fa89c2a5f6f941458e1fbc40c661,2025-03-06 16:05:57.858244,2025-03-06
11,35697,Pi,PI,pi,36,2025-02-11T07:16:10.000Z,['layer-1'],100000000000.0,7046569307.271583,100000000000.0,False,,12,7046569307.271583,13179452413.438116,,2025-03-06T10:34:00.000Z,1.8703360229264776,694689849.5905328,-16.2694,-2.98784937,-5.6598013,-28.8056519,10.0467097,10.0467097,10.0467097,13179452413.438116,0.4371,187033602292.65,,2025-03-06T10:34:00.000Z,,,,,,2025-03-06 16:05:57.858244,2025-03-06
12,1975,Chainlink,LINK,chainlink,1938,2017-09-20T00:00:00.000Z,"['platform', 'defi', 'oracles', 'smart-contracts', 'ethereum-ecosystem', 'substrate', 'polkadot', 'heco-ecosystem', 'avalanche-ecosystem', 'solana-ecosystem', 'framework-ventures-portfolio', 'polygon-ecosystem', 'fantom-ecosystem', 'cardano-ecosystem', 'terra-ecosystem', 'web3', 'near-protocol-ecosystem', 'arbitrum-ecosystem', 'cardano', 'injective-ecosystem', 'bnb-chain-ecosystem', 'optimism-ecosystem', 'real-world-assets', 'celsius-bankruptcy-estate', 'gnosis-chain-ecosystem', 'sora-ecosystem', 'hoo-smart-chain-ecosystem', 'milkomeda-ecosystem', 'energi-ecosystem', 'made-in-america', 'world-liberty-financial-portfolio']",,638099970.4527867,1000000000.0,False,,13,,,,2025-03-06T10:34:00.000Z,17.616235945760504,949716188.5597749,-1.461,2.54689685,8.28545598,12.31331711,-12.60200524,-23.84609145,-24.02356431,11240919636.479097,0.3728,17616235945.76,,2025-03-06T10:34:00.000Z,1027.0,Ethereum,ETH,ethereum,0x514910771af9ca656af840dff83e8264ecf986ca,2025-03-06 16:05:57.858244,2025-03-06
13,4642,Hedera,HBAR,hedera,321,2019-09-17T00:00:00.000Z,"['dag', 'marketplace', 'enterprise-solutions', 'defi', 'payments', 'dcg-portfolio', 'hedera-hashgraph-ecosystem', 'real-world-assets', 'layer-1', 'made-in-america']",50000000000.0,41917580818.42751,50000000000.0,False,,14,,,,2025-03-06T10:35:00.000Z,0.2505687294919597,495849780.30440694,-47.3184,1.79531338,-4.83834194,24.50318608,-1.00370387,-16.15391084,-10.55488345,10503234969.049921,0.348,12528436474.6,,2025-03-06T10:35:00.000Z,,,,,,2025-03-06 16:05:57.858244,2025-03-06
14,512,Stellar,XLM,stellar,684,2014-08-05T00:00:00.000Z,"['medium-of-exchange', 'enterprise-solutions', 'decentralized-exchange-dex-token', 'smart-contracts', 'hashkey-capital-portfolio', '2017-2018-alt-season', 'made-in-america']",50001806812.0,30710242774.874687,50001786894.45001,False,,15,,,,2025-03-06T10:34:00.000Z,0.30766107459306063,291751717.62957287,-21.6122,1.60814454,0.09145768,5.43374729,-10.62169097,-29.18760303,-33.56848778,9448346293.131723,0.3134,15383609615.37,,2025-03-06T10:34:00.000Z,,,,,,2025-03-06 16:05:57.858244,2025-03-06
15,5805,Avalanche,AVAX,avalanche,874,2020-07-13T00:00:00.000Z,"['defi', 'smart-contracts', 'three-arrows-capital-portfolio', 'polychain-capital-portfolio', 'avalanche-ecosystem', 'cms-holdings-portfolio', 'dragonfly-capital-portfolio', 'moonbeam-ecosystem', 'real-world-assets', 'layer-1', 'zksync-era-ecosystem', 'klaytn-ecosystem', 'made-in-america']",715748719.0,414143052.6999563,450812552.6999563,False,,16,,,,2025-03-06T10:34:00.000Z,22.192675287380865,613492391.3480039,-2.371,1.62405543,5.32180877,-4.60210342,-14.99290301,-46.66346973,-56.53467764,9190942291.094791,0.3048,15884378908.13,,2025-03-06T10:34:00.000Z,,,,,,2025-03-06 16:05:57.858244,2025-03-06
16,3957,UNUS SED LEO,LEO,unus-sed-leo,57,2019-05-21T00:00:00.000Z,"['marketplace', 'centralized-exchange', 'discount-token', 'payments', 'ethereum-ecosystem', 'kenetic-capital-portfolio', 'alameda-research-portfolio']",,924000790.9,985239504.0,False,,17,,,,2025-03-06T10:35:00.000Z,9.910591659602668,2984324.32607258,-44.5627,0.02824217,0.01660347,7.1975274,0.55286694,8.72307201,5.84996904,9157394531.759808,0.3036,9764306411.05,,2025-03-06T10:35:00.000Z,1027.0,Ethereum,ETH,ethereum,0x2af5d2ad76741191d15dfe7bf6ac92d4bd912ca3,2025-03-06 16:05:57.858244,2025-03-06
17,20947,Sui,SUI,sui,564,2022-07-12T08:03:11.000Z,"['binance-launchpool', 'coinbase-ventures-portfolio', 'binance-labs-portfolio', 'electric-capital-portfolio', 'a16z-portfolio', 'sui-ecosystem', 'layer-1', 'move-vm', 'cmc-crypto-yearbook-2024-2025', 'made-in-america']",10000000000.0,3169845047.4838877,10000000000.0,False,,18,3169845047.4838877,8538190681.998081,,2025-03-06T10:34:00.000Z,2.693567210414717,936200522.2913122,-24.0962,0.9496655,2.88216419,-8.14436464,-20.8217952,-48.09957962,-35.59296464,8538190681.998081,0.2832,26935672104.15,,2025-03-06T10:34:00.000Z,,,,,,2025-03-06 16:05:57.858244,2025-03-06
18,2,Litecoin,LTC,litecoin,1323,2013-04-28T00:00:00.000Z,"['mineable', 'pow', 'scrypt', 'medium-of-exchange', 'heco-ecosystem', 'layer-1', '2017-2018-alt-season', 'hoo-smart-chain-ecosystem', 'made-in-america']",84000000.0,75558468.3040892,84000000.0,False,,19,,,,2025-03-06T10:35:00.000Z,108.46188782252982,960228310.5164002,-23.31,0.34131485,2.19292287,-17.28486265,7.32076205,-2.2572544,-17.9607795,8195214113.240298,0.2715,9110798577.09,,2025-03-06T10:35:00.000Z,,,,,,2025-03-06 16:05:57.858244,2025-03-06
19,5994,Shiba Inu,SHIB,shiba-inu,934,2020-08-01T00:00:00.000Z,"['memes', 'ethereum-ecosystem', 'doggone-doggerel', 'base-ecosystem']",,589253552062151.8,589507005263179.4,False,,20,,,,2025-03-06T10:35:00.000Z,1.3603976868348743e-05,206567662.44976985,-33.5318,0.75529401,1.70332468,-7.86723396,-12.61388352,-42.70976386,-54.61136482,8016191691.845844,0.2658,8019639663.33,,2025-03-06T10:35:00.000Z,1027.0,Ethereum,ETH,ethereum,0x95ad61b0a150d79219dcf64e1e6cc01f0b64c4ce,2025-03-06 16:05:57.858244,2025-03-06
